,main_score,task,model,prompt,is_baseline
0,0.6514257083912395,AmazonCounterfactualClassification,BAAI/bge-large-en-v1.5,default,True
1,0.87271,FEVERHardNegatives,BAAI/bge-large-en-v1.5,default,True
2,0.4890619596097559,STS22.v2,BAAI/bge-large-en-v1.5,default,True
3,0.47058,Touche2020Retrieval.v3,BAAI/bge-large-en-v1.5,default,True
4,0.8802952704872573,STS15,BAAI/bge-large-en-v1.5,default,True
5,0.8277810172031654,STS14,BAAI/bge-large-en-v1.5,default,True
6,0.17327,MIRACLRetrievalHardNegatives.v2,BAAI/bge-large-en-v1.5,default,True
7,0.42675775,TweetSentimentClassification,BAAI/bge-large-en-v1.5,default,True
8,0.363124446086602,MedrxivClusteringP2P.v2,BAAI/bge-large-en-v1.5,default,True
9,0.39969681929197,MasakhaNEWSClusteringS2S,BAAI/bge-large-en-v1.5,default,True
10,0.5941857905540503,StackExchangeClustering.v2,BAAI/bge-large-en-v1.5,default,True
11,0.9284599999999998,ImdbClassification,BAAI/bge-large-en-v1.5,default,True
12,0.90422325,AmazonCounterfactualClassification,Qwen/Qwen3-Embedding-0.6B,default,True
13,0.88942,FEVERHardNegatives,Qwen/Qwen3-Embedding-0.6B,default,True
14,0.7183335555555556,STS22.v2,Qwen/Qwen3-Embedding-0.6B,default,True
15,0.954392,ImdbClassification,Qwen/Qwen3-Embedding-0.6B,default,True
16,0.69896,Touche2020Retrieval.v3,Qwen/Qwen3-Embedding-0.6B,default,True
17,0.914472,STS15,Qwen/Qwen3-Embedding-0.6B,default,True
18,0.871015,STS14,Qwen/Qwen3-Embedding-0.6B,default,True
19,0.686245,MIRACLRetrievalHardNegatives.v2,Qwen/Qwen3-Embedding-0.6B,default,True
20,0.421841,MedrxivClusteringP2P.v2,Qwen/Qwen3-Embedding-0.6B,default,True
21,0.532390125,MasakhaNEWSClusteringS2S,Qwen/Qwen3-Embedding-0.6B,default,True
22,0.711618,StackExchangeClustering.v2,Qwen/Qwen3-Embedding-0.6B,default,True
23,0.6860635595543068,AmazonCounterfactualClassification,intfloat/multilingual-e5-large-instruct,default,True
24,0.75756,FEVERHardNegatives,intfloat/multilingual-e5-large-instruct,default,True
25,0.6895046564954581,STS22.v2,intfloat/multilingual-e5-large-instruct,default,True
26,0.946112,ImdbClassification,intfloat/multilingual-e5-large-instruct,default,True
27,0.53257,Touche2020Retrieval.v3,intfloat/multilingual-e5-large-instruct,default,True
28,0.9102208309425296,STS15,intfloat/multilingual-e5-large-instruct,default,True
29,0.8482883151106293,STS14,intfloat/multilingual-e5-large-instruct,default,True
30,0.6211099999999999,MIRACLRetrievalHardNegatives.v2,intfloat/multilingual-e5-large-instruct,default,True
31,0.547802734375,TweetSentimentClassification,intfloat/multilingual-e5-large-instruct,default,True
32,0.3809242836891137,MedrxivClusteringP2P.v2,intfloat/multilingual-e5-large-instruct,default,True
33,0.592332275159916,MasakhaNEWSClusteringS2S,intfloat/multilingual-e5-large-instruct,default,True
34,0.5996877429544218,StackExchangeClustering.v2,intfloat/multilingual-e5-large-instruct,default,True
35,0.6602951658649427,AmazonCounterfactualClassification,BAAI/bge-base-en-v1.5,default,True
36,0.86041,FEVERHardNegatives,BAAI/bge-base-en-v1.5,default,True
37,0.46598166908064237,STS22.v2,BAAI/bge-base-en-v1.5,default,True
38,0.49714,Touche2020Retrieval.v3,BAAI/bge-base-en-v1.5,default,True
39,0.8795662500150213,STS15,BAAI/bge-base-en-v1.5,default,True
40,0.8227285338843656,STS14,BAAI/bge-base-en-v1.5,default,True
41,0.11812,MIRACLRetrievalHardNegatives.v2,BAAI/bge-base-en-v1.5,default,True
42,0.417138625,TweetSentimentClassification,BAAI/bge-base-en-v1.5,default,True
43,0.3632620368274916,MedrxivClusteringP2P.v2,BAAI/bge-base-en-v1.5,default,True
44,0.40468395717880457,MasakhaNEWSClusteringS2S,BAAI/bge-base-en-v1.5,default,True
45,0.5533297004859964,StackExchangeClustering.v2,BAAI/bge-base-en-v1.5,default,True
46,0.9080799999999998,ImdbClassification,BAAI/bge-base-en-v1.5,default,True
47,0.9548033073015731,AmazonCounterfactualClassification,KaLM-Embedding/KaLM-embedding-multilingual-mini-instruct-v2.5,default,True
48,0.88232,FEVERHardNegatives,KaLM-Embedding/KaLM-embedding-multilingual-mini-instruct-v2.5,default,True
49,0.7323705229059266,STS22.v2,KaLM-Embedding/KaLM-embedding-multilingual-mini-instruct-v2.5,default,True
50,0.95914,ImdbClassification,KaLM-Embedding/KaLM-embedding-multilingual-mini-instruct-v2.5,default,True
51,0.63225,Touche2020Retrieval.v3,KaLM-Embedding/KaLM-embedding-multilingual-mini-instruct-v2.5,default,True
52,0.9032929760921006,STS15,KaLM-Embedding/KaLM-embedding-multilingual-mini-instruct-v2.5,default,True
53,0.8599180550008585,STS14,KaLM-Embedding/KaLM-embedding-multilingual-mini-instruct-v2.5,default,True
54,0.4557062461631795,MedrxivClusteringP2P.v2,KaLM-Embedding/KaLM-embedding-multilingual-mini-instruct-v2.5,default,True
55,0.7583726954485177,StackExchangeClustering.v2,KaLM-Embedding/KaLM-embedding-multilingual-mini-instruct-v2.5,default,True
56,0.6480006105111805,AmazonCounterfactualClassification,BAAI/bge-small-en-v1.5,default,True
57,0.86236,FEVERHardNegatives,BAAI/bge-small-en-v1.5,default,True
58,0.46925847250748354,STS22.v2,BAAI/bge-small-en-v1.5,default,True
59,0.57573,Touche2020Retrieval.v3,BAAI/bge-small-en-v1.5,default,True
60,0.8726544426377639,STS15,BAAI/bge-small-en-v1.5,default,True
61,0.8183539566263665,STS14,BAAI/bge-small-en-v1.5,default,True
62,0.05532,MIRACLRetrievalHardNegatives.v2,BAAI/bge-small-en-v1.5,default,True
63,0.417041,TweetSentimentClassification,BAAI/bge-small-en-v1.5,default,True
64,0.3666103078151083,MedrxivClusteringP2P.v2,BAAI/bge-small-en-v1.5,default,True
65,0.3927316851401741,MasakhaNEWSClusteringS2S,BAAI/bge-small-en-v1.5,default,True
66,0.5729472500253643,StackExchangeClustering.v2,BAAI/bge-small-en-v1.5,default,True
67,0.9060600000000001,ImdbClassification,BAAI/bge-small-en-v1.5,default,True
68,0.517188,TweetSentimentClassification,BAAI/bge-large-en-v1.5,Label this example:,False
69,0.341955,MasakhaNEWSClusteringS2S,BAAI/bge-large-en-v1.5,Assign to a cluster:,False
70,0.637538,AmazonCounterfactualClassification,BAAI/bge-large-en-v1.5,Assign a counterfactual detection label:,False
72,0.47232,FEVERHardNegatives,BAAI/bge-large-en-v1.5,Search representation for retrieval:,False
73,0.375533,MasakhaNEWSClusteringS2S,BAAI/bge-large-en-v1.5,MasakhaNEWS headline clustering input:,False
74,0.694895,AmazonCounterfactualClassification,BAAI/bge-large-en-v1.5,Classify this Amazon review pair (eng):,False
76,0.17571,Touche2020Retrieval.v3,BAAI/bge-large-en-v1.5,Argument retrieval input:,False
77,0.253951,MasakhaNEWSClusteringS2S,BAAI/bge-large-en-v1.5,"Cluster representation for MasakhaNEWS headlines, language eng:",False
78,0.654204,AmazonCounterfactualClassification,BAAI/bge-large-en-v1.5,"Assign a category to the given review pair, language eng:",False
80,0.887636,ImdbClassification,BAAI/bge-large-en-v1.5,Determine the class for the given passage:,False
81,0.920516,ImdbClassification,BAAI/bge-large-en-v1.5,Category prediction for the review:,False
82,0.527639,MasakhaNEWSClusteringS2S,BAAI/bge-large-en-v1.5,Group similar MasakhaNEWS headlines:,False
83,0.361757,MedrxivClusteringP2P.v2,BAAI/bge-large-en-v1.5,Assign to a cluster (eng):,False
84,0.91784,ImdbClassification,BAAI/bge-large-en-v1.5,Predict the label for the provided sentence:,False
85,0.40328,MIRACLRetrievalHardNegatives.v2,BAAI/bge-large-en-v1.5,Encode this input for retrieval:,False
86,0.687694,STS22.v2,BAAI/bge-large-en-v1.5,Text pair similarity assessment:,False
87,0.699399,AmazonCounterfactualClassification,BAAI/bge-large-en-v1.5,Label the following Amazon review:,False
89,0.33037,Touche2020Retrieval.v3,BAAI/bge-large-en-v1.5,Search for relevant argument passage:,False
90,0.892424,ImdbClassification,BAAI/bge-large-en-v1.5,Encode and classify the following eng snippet from Large Movie Review Dataset:,False
91,0.649099,AmazonCounterfactualClassification,BAAI/bge-large-en-v1.5,Assign a category to this input:,False
93,0.34363,Touche2020Retrieval.v3,BAAI/bge-large-en-v1.5,Query for retrieval:,False
94,0.783876,STS15,BAAI/bge-large-en-v1.5,Assess semantic similarity in eng:,False
95,0.687651,STS22.v2,BAAI/bge-large-en-v1.5,Compare similarity between two news texts:,False
96,0.38882,MIRACLRetrievalHardNegatives.v2,BAAI/bge-large-en-v1.5,MIRACL retrieval query in eng:,False
97,0.21733,Touche2020Retrieval.v3,BAAI/bge-large-en-v1.5,Text to be used in retrieval:,False
98,0.424289,MasakhaNEWSClusteringS2S,BAAI/bge-large-en-v1.5,Cluster these MasakhaNEWS headlines:,False
99,0.421696,MasakhaNEWSClusteringS2S,BAAI/bge-large-en-v1.5,Clustering input:,False
100,0.35942,MedrxivClusteringP2P.v2,BAAI/bge-large-en-v1.5,Group similar texts (eng):,False
101,0.839255,STS15,BAAI/bge-large-en-v1.5,Similarity score:,False
102,0.72502,FEVERHardNegatives,BAAI/bge-large-en-v1.5,Encode this input for retrieval:,False
103,0.447057,MasakhaNEWSClusteringS2S,BAAI/bge-large-en-v1.5,Cluster this text:,False
104,0.363719,MedrxivClusteringP2P.v2,BAAI/bge-large-en-v1.5,Encode for clustering (eng):,False
105,0.528906,TweetSentimentClassification,BAAI/bge-large-en-v1.5,Label the tweet's sentiment:,False
106,0.638353,STS14,BAAI/bge-large-en-v1.5,Encode for similarity in eng - SemEval STS 2014:,False
107,0.301555,MasakhaNEWSClusteringS2S,BAAI/bge-large-en-v1.5,Cluster representation:,False
108,0.02955,Touche2020Retrieval.v3,BAAI/bge-large-en-v1.5,Encode (eng) for Touché Task 1: Argument Retrieval for Controversial Questions:,False
109,0.920504,ImdbClassification,BAAI/bge-large-en-v1.5,Assign a category to this input:,False
110,0.576122,StackExchangeClustering.v2,BAAI/bge-large-en-v1.5,Assign to a cluster:,False
111,0.365148,MedrxivClusteringP2P.v2,BAAI/bge-large-en-v1.5,Cluster this text:,False
112,0.683458,STS22.v2,BAAI/bge-large-en-v1.5,Semantic similarity of multilingual articles:,False
113,0.578943,StackExchangeClustering.v2,BAAI/bge-large-en-v1.5,Assign each title to a cluster:,False
114,0.717237,STS14,BAAI/bge-large-en-v1.5,Encode this pair for similarity measurement:,False
115,0.512109,TweetSentimentClassification,BAAI/bge-large-en-v1.5,Sentiment analysis label:,False
116,0.355081,MasakhaNEWSClusteringS2S,BAAI/bge-large-en-v1.5,Eng: perform clustering on MasakhaNEWS news headlines:,False
117,0.686449,STS22.v2,BAAI/bge-large-en-v1.5,Similarity score for article pair:,False
118,0.358084,MedrxivClusteringP2P.v2,BAAI/bge-large-en-v1.5,Cluster these medrxiv titles+abstracts (eng):,False
119,0.505859,TweetSentimentClassification,BAAI/bge-large-en-v1.5,Determine the class for the given passage:,False
120,0.681468,STS14,BAAI/bge-large-en-v1.5,"Assess semantic similarity, language eng, dataset SemEval STS 2014:",False
121,0.630083,STS14,BAAI/bge-large-en-v1.5,"Compute text pair similarity (eng, SemEval STS 2014):",False
122,0.36615,Touche2020Retrieval.v3,BAAI/bge-large-en-v1.5,Retrieve relevant passage:,False
123,0.578532,StackExchangeClustering.v2,BAAI/bge-large-en-v1.5,Group the titles into clusters:,False
124,0.572034,StackExchangeClustering.v2,BAAI/bge-large-en-v1.5,Cluster representation:,False
125,0.739548,STS15,BAAI/bge-large-en-v1.5,Encode pair for semantic-similarity in eng:,False
126,0.37293,MIRACLRetrievalHardNegatives.v2,BAAI/bge-large-en-v1.5,Search for documents using this query:,False
127,0.496484,TweetSentimentClassification,BAAI/bge-large-en-v1.5,Classify the following text:,False
128,0.70963,FEVERHardNegatives,BAAI/bge-large-en-v1.5,Passage (eng) for retrieval task:,False
129,0.31406,Touche2020Retrieval.v3,BAAI/bge-large-en-v1.5,Query for Touché Retrieval:,False
130,0.745312,STS15,BAAI/bge-large-en-v1.5,"Measure text similarity in eng, SemEval STS 2015:",False
131,0.678293,STS14,BAAI/bge-large-en-v1.5,"Similarity score request, eng, SemEval STS 2014:",False
132,0.693586,STS22.v2,BAAI/bge-large-en-v1.5,"In eng, assess similarity of news article pair – SemEval 2022 Task 8:",False
133,0.551226,StackExchangeClustering.v2,BAAI/bge-large-en-v1.5,"Encode for clustering, language eng:",False
134,0.677389,STS22.v2,BAAI/bge-large-en-v1.5,Measure semantic similarity:,False
135,0.628108,STS14,BAAI/bge-large-en-v1.5,Encode for semantic matching:,False
136,0.708859,AmazonCounterfactualClassification,BAAI/bge-large-en-v1.5,Classify this review pair:,False
138,0.5868,FEVERHardNegatives,BAAI/bge-large-en-v1.5,Search representation (eng) for retrieval:,False
139,0.668421,STS14,BAAI/bge-large-en-v1.5,Measure semantic similarity:,False
140,0.36809,MIRACLRetrievalHardNegatives.v2,BAAI/bge-large-en-v1.5,Query (retrieval task):,False
141,0.685435,AmazonCounterfactualClassification,BAAI/bge-large-en-v1.5,Label the following counterfactual detection example in eng:,False
143,0.700751,AmazonCounterfactualClassification,BAAI/bge-large-en-v1.5,Determine the classification for this example:,False
145,0.515234,TweetSentimentClassification,BAAI/bge-large-en-v1.5,Label this tweet with its sentiment (eng):,False
146,0.485547,TweetSentimentClassification,BAAI/bge-large-en-v1.5,Sentiment label prediction (eng):,False
147,0.73285,STS15,BAAI/bge-large-en-v1.5,Encode for semantic matching:,False
148,0.504687,TweetSentimentClassification,BAAI/bge-large-en-v1.5,Classify the sentiment of this tweet:,False
149,0.23018,Touche2020Retrieval.v3,BAAI/bge-large-en-v1.5,Encode this query for argument retrieval:,False
150,0.77246,FEVERHardNegatives,BAAI/bge-large-en-v1.5,Encode this claim for retrieval:,False
151,0.685989,STS22.v2,BAAI/bge-large-en-v1.5,Similarity score between texts:,False
152,0.92746,ImdbClassification,BAAI/bge-large-en-v1.5,"Classify this review (eng, Large Movie Review Dataset):",False
153,0.704176,STS14,BAAI/bge-large-en-v1.5,Similarity score for the following texts:,False
154,0.30205,Touche2020Retrieval.v3,BAAI/bge-large-en-v1.5,Search representation:,False
155,0.737202,STS15,BAAI/bge-large-en-v1.5,Semantic similarity in eng (SemEval STS 2015):,False
156,0.694354,STS22.v2,BAAI/bge-large-en-v1.5,Semantic similarity (eng) – SemEval 2022 Task 8 News:,False
157,0.719219,AmazonCounterfactualClassification,BAAI/bge-large-en-v1.5,Label this example:,False
159,0.362871,MedrxivClusteringP2P.v2,BAAI/bge-large-en-v1.5,Cluster the medrxiv title and abstract:,False
160,0.696997,AmazonCounterfactualClassification,BAAI/bge-large-en-v1.5,"Predict the label for this instance, eng:",False
162,0.486328,TweetSentimentClassification,BAAI/bge-large-en-v1.5,Assign sentiment category to the following tweet:,False
163,0.699115,STS14,BAAI/bge-large-en-v1.5,Assess textual similarity:,False
164,0.934968,ImdbClassification,BAAI/bge-large-en-v1.5,Assign a label to this review:,False
165,0.563052,StackExchangeClustering.v2,BAAI/bge-large-en-v1.5,Cluster this text:,False
166,0.662345,STS14,BAAI/bge-large-en-v1.5,Query-Document similarity:,False
167,0.43734,MIRACLRetrievalHardNegatives.v2,BAAI/bge-large-en-v1.5,Retrieve relevant text in eng:,False
168,0.498437,TweetSentimentClassification,BAAI/bge-large-en-v1.5,Assign a category to this input:,False
169,0.30256,MIRACLRetrievalHardNegatives.v2,BAAI/bge-large-en-v1.5,Text to be used in retrieval:,False
170,0.684878,STS22.v2,BAAI/bge-large-en-v1.5,Query-Document similarity:,False
171,0.21943,Touche2020Retrieval.v3,BAAI/bge-large-en-v1.5,Retrieve arguments for controversial question:,False
172,0.540088,StackExchangeClustering.v2,BAAI/bge-large-en-v1.5,Cluster these stackexchange titles (eng):,False
173,0.45554,MIRACLRetrievalHardNegatives.v2,BAAI/bge-large-en-v1.5,Query for retrieval:,False
174,0.4359,MIRACLRetrievalHardNegatives.v2,BAAI/bge-large-en-v1.5,MIRACL retrieval query:,False
175,0.571967,StackExchangeClustering.v2,BAAI/bge-large-en-v1.5,Clustering input:,False
176,0.242495,MasakhaNEWSClusteringS2S,BAAI/bge-large-en-v1.5,Cluster MasakhaNEWS headlines in eng:,False
177,0.514453,TweetSentimentClassification,BAAI/bge-large-en-v1.5,Predict the label for the provided sentence:,False
178,0.692043,STS22.v2,BAAI/bge-large-en-v1.5,News article pair similarity:,False
179,0.569679,StackExchangeClustering.v2,BAAI/bge-large-en-v1.5,Create clusters for the given titles:,False
180,0.358978,MedrxivClusteringP2P.v2,BAAI/bge-large-en-v1.5,Cluster representation for medrxiv titles+abstracts:,False
181,0.40354,MasakhaNEWSClusteringS2S,BAAI/bge-large-en-v1.5,"Assign each MasakhaNEWS article title to a cluster, eng:",False
182,0.8241,FEVERHardNegatives,BAAI/bge-large-en-v1.5,Search representation:,False
183,0.40657,MIRACLRetrievalHardNegatives.v2,BAAI/bge-large-en-v1.5,Search representation:,False
184,0.739351,STS15,BAAI/bge-large-en-v1.5,Encode for semantic similarity:,False
185,0.44572,MIRACLRetrievalHardNegatives.v2,BAAI/bge-large-en-v1.5,Search passage for MIRACL in eng:,False
186,0.47208,MIRACLRetrievalHardNegatives.v2,BAAI/bge-large-en-v1.5,Retrieve relevant passage:,False
187,0.873708,ImdbClassification,BAAI/bge-large-en-v1.5,Category prediction for the following eng review (Large Movie Review Dataset):,False
188,0.911228,ImdbClassification,BAAI/bge-large-en-v1.5,Label this example:,False
189,0.8182,FEVERHardNegatives,BAAI/bge-large-en-v1.5,Retrieve relevant documents (eng):,False
190,0.686669,STS22.v2,BAAI/bge-large-en-v1.5,Evaluate semantic similarity (eng) on filtered SemEval 2022 Task 8 data:,False
191,0.1918,Touche2020Retrieval.v3,BAAI/bge-large-en-v1.5,Passage (eng) for argument retrieval:,False
192,0.488672,TweetSentimentClassification,BAAI/bge-large-en-v1.5,Classify the following tweet in eng:,False
193,0.479687,TweetSentimentClassification,BAAI/bge-large-en-v1.5,"Assign a sentiment category to this text, eng:",False
194,0.48125,TweetSentimentClassification,BAAI/bge-large-en-v1.5,eng sentiment analysis – classify:,False
195,0.916356,ImdbClassification,BAAI/bge-large-en-v1.5,Label this movie review in eng (dataset: Large Movie Review Dataset):,False
196,0.92558,ImdbClassification,BAAI/bge-large-en-v1.5,Classify the movie review:,False
197,0.551586,StackExchangeClustering.v2,BAAI/bge-large-en-v1.5,Group similar titles in eng:,False
198,0.555121,StackExchangeClustering.v2,BAAI/bge-large-en-v1.5,Cluster these StackExchange titles:,False
199,0.659201,STS14,BAAI/bge-large-en-v1.5,Semantic similarity query:,False
200,0.27192,Touche2020Retrieval.v3,BAAI/bge-large-en-v1.5,Retrieve (eng) relevant argument for Touché Task 1:,False
201,0.360162,MedrxivClusteringP2P.v2,BAAI/bge-large-en-v1.5,Group similar texts:,False
202,0.360881,MedrxivClusteringP2P.v2,BAAI/bge-large-en-v1.5,Assign this medrxiv entry to a cluster:,False
203,0.359581,MedrxivClusteringP2P.v2,BAAI/bge-large-en-v1.5,Clustering input (eng):,False
204,0.44077,MasakhaNEWSClusteringS2S,BAAI/bge-large-en-v1.5,Group similar texts:,False
205,0.771972,STS15,BAAI/bge-large-en-v1.5,Query-Document similarity:,False
206,0.360405,MedrxivClusteringP2P.v2,BAAI/bge-large-en-v1.5,Group similar medrxiv texts into one of 51 categories:,False
207,0.79484,FEVERHardNegatives,BAAI/bge-large-en-v1.5,Query for retrieval:,False
208,0.582471,STS14,BAAI/bge-large-en-v1.5,Text pair similarity assessment:,False
209,0.565931,StackExchangeClustering.v2,BAAI/bge-large-en-v1.5,Cluster representation for titles:,False
210,0.361759,MedrxivClusteringP2P.v2,BAAI/bge-large-en-v1.5,Embedding for clustering of medrxiv abstracts:,False
211,0.460684,MasakhaNEWSClusteringS2S,BAAI/bge-large-en-v1.5,Assign each news article title to a cluster:,False
212,0.677958,STS14,BAAI/bge-large-en-v1.5,"Semantic similarity (eng, SemEval STS 2014):",False
213,0.791829,STS15,BAAI/bge-large-en-v1.5,SemEval STS 2015 - Semantic similarity:,False
214,0.771833,STS15,BAAI/bge-large-en-v1.5,Similarity score between texts:,False
215,0.25898,MIRACLRetrievalHardNegatives.v2,BAAI/bge-large-en-v1.5,Encode for retrieval in eng:,False
216,0.743725,STS15,BAAI/bge-large-en-v1.5,Text pair similarity assessment:,False
217,0.79925,FEVERHardNegatives,BAAI/bge-large-en-v1.5,Retrieve relevant passage:,False
218,0.771315,STS14,BAAI/bge-large-en-v1.5,STS 2014: compare the two sentences:,False
219,0.677406,STS22.v2,BAAI/bge-large-en-v1.5,Encode for semantic matching:,False
220,0.637387,AmazonCounterfactualClassification,BAAI/bge-large-en-v1.5,Text classification (eng) – Amazon reviews:,False
222,0.914332,ImdbClassification,BAAI/bge-large-en-v1.5,Classify the following text:,False
223,0.805259,STS15,BAAI/bge-large-en-v1.5,Similarity between sentences in eng (SemEval STS 2015):,False
224,0.362944,MedrxivClusteringP2P.v2,BAAI/bge-large-en-v1.5,Cluster representation:,False
225,0.62274,STS14,BAAI/bge-large-en-v1.5,Similarity score between texts:,False
226,0.877412,ImdbClassification,BAAI/bge-large-en-v1.5,Assign a label to the text in eng – Large Movie Review Dataset:,False
227,0.30821,Touche2020Retrieval.v3,BAAI/bge-large-en-v1.5,Query (eng) for retrieval:,False
228,0.091211,MasakhaNEWSClusteringS2S,BAAI/bge-large-en-v1.5,Cluster representation for news headlines:,False
229,0.696096,AmazonCounterfactualClassification,BAAI/bge-large-en-v1.5,Predict the label for the provided sentence:,False
231,0.688477,STS22.v2,BAAI/bge-large-en-v1.5,Compute similarity in eng for SemEval 2022 Task 8 pairs:,False
232,0.366545,MedrxivClusteringP2P.v2,BAAI/bge-large-en-v1.5,Clustering input:,False
233,0.707508,AmazonCounterfactualClassification,BAAI/bge-large-en-v1.5,Classify the following text:,False
235,0.566097,StackExchangeClustering.v2,BAAI/bge-large-en-v1.5,Clustering input (eng):,False
236,0.23877,Touche2020Retrieval.v3,BAAI/bge-large-en-v1.5,Search (eng) query for retrieval task:,False
237,0.526563,TweetSentimentClassification,BAAI/bge-large-en-v1.5,Predict sentiment for the tweet:,False
238,0.572613,StackExchangeClustering.v2,BAAI/bge-large-en-v1.5,Group similar texts:,False
239,0.569423,StackExchangeClustering.v2,BAAI/bge-large-en-v1.5,"Assign each title to a cluster, language eng:",False
240,0.79738,FEVERHardNegatives,BAAI/bge-large-en-v1.5,Query (eng) for retrieval:,False
241,0.924636,ImdbClassification,BAAI/bge-large-en-v1.5,Label this movie review:,False
242,0.684835,AmazonCounterfactualClassification,BAAI/bge-large-en-v1.5,Determine the class for the given passage:,False
244,0.810759,STS15,BAAI/bge-large-en-v1.5,Query similarity:,False
245,0.71465,FEVERHardNegatives,BAAI/bge-large-en-v1.5,Text to be used in retrieval:,False
246,0.765491,STS15,BAAI/bge-large-en-v1.5,Measure semantic similarity:,False
247,0.684526,STS22.v2,BAAI/bge-large-en-v1.5,eng: measure semantic similarity of news article pair (SemEval 2022 Task 8):,False
248,0.705405,AmazonCounterfactualClassification,BAAI/bge-large-en-v1.5,Predict the class:,False
250,0.74894,FEVERHardNegatives,BAAI/bge-large-en-v1.5,Passage retrieval input:,False
251,0.360645,MedrxivClusteringP2P.v2,BAAI/bge-large-en-v1.5,Assign to a cluster:,False
252,0.42485,MIRACLRetrievalHardNegatives.v2,BAAI/bge-large-en-v1.5,Encode this MIRACL query for retrieval:,False
253,0.927844,ImdbClassification,BAAI/bge-large-en-v1.5,Predict the class for the following review:,False
254,0.75423,FEVERHardNegatives,BAAI/bge-large-en-v1.5,Encode this FEVER claim in eng for retrieval:,False
255,0.346705,MasakhaNEWSClusteringS2S,BAAI/bge-large-en-v1.5,Group similar news headlines (MasakhaNEWS) in eng:,False
256,0.4251,MIRACLRetrievalHardNegatives.v2,BAAI/bge-large-en-v1.5,Query for retrieval in eng:,False
257,0.37489,MIRACLRetrievalHardNegatives.v2,BAAI/bge-large-en-v1.5,Retrieve relevant documents for the following query:,False
258,0.29844,Touche2020Retrieval.v3,BAAI/bge-large-en-v1.5,Encode this input for retrieval:,False
259,0.68254,FEVERHardNegatives,BAAI/bge-large-en-v1.5,Retrieve relevant documents for the given claim:,False
260,0.528516,TweetSentimentClassification,Qwen/Qwen3-Embedding-0.6B,Label this example:,False
261,0.614832,MasakhaNEWSClusteringS2S,Qwen/Qwen3-Embedding-0.6B,Assign to a cluster:,False
262,0.927628,AmazonCounterfactualClassification,Qwen/Qwen3-Embedding-0.6B,Assign a counterfactual detection label:,False
264,0.87474,FEVERHardNegatives,Qwen/Qwen3-Embedding-0.6B,Search representation for retrieval:,False
265,0.535892,MasakhaNEWSClusteringS2S,Qwen/Qwen3-Embedding-0.6B,MasakhaNEWS headline clustering input:,False
266,0.73964,AmazonCounterfactualClassification,Qwen/Qwen3-Embedding-0.6B,Classify this Amazon review pair (eng):,False
268,0.60372,Touche2020Retrieval.v3,Qwen/Qwen3-Embedding-0.6B,Argument retrieval input:,False
269,0.472847,MasakhaNEWSClusteringS2S,Qwen/Qwen3-Embedding-0.6B,"Cluster representation for MasakhaNEWS headlines, language eng:",False
270,0.705105,AmazonCounterfactualClassification,Qwen/Qwen3-Embedding-0.6B,"Assign a category to the given review pair, language eng:",False
272,0.894496,ImdbClassification,Qwen/Qwen3-Embedding-0.6B,Determine the class for the given passage:,False
273,0.9473,ImdbClassification,Qwen/Qwen3-Embedding-0.6B,Category prediction for the review:,False
274,0.529422,MasakhaNEWSClusteringS2S,Qwen/Qwen3-Embedding-0.6B,Group similar MasakhaNEWS headlines:,False
275,0.369807,MedrxivClusteringP2P.v2,Qwen/Qwen3-Embedding-0.6B,Assign to a cluster (eng):,False
276,0.924984,ImdbClassification,Qwen/Qwen3-Embedding-0.6B,Predict the label for the provided sentence:,False
277,0.49638,MIRACLRetrievalHardNegatives.v2,Qwen/Qwen3-Embedding-0.6B,Encode this input for retrieval:,False
278,0.684339,STS22.v2,Qwen/Qwen3-Embedding-0.6B,Text pair similarity assessment:,False
279,0.691892,AmazonCounterfactualClassification,Qwen/Qwen3-Embedding-0.6B,Label the following Amazon review:,False
281,0.65876,Touche2020Retrieval.v3,Qwen/Qwen3-Embedding-0.6B,Search for relevant argument passage:,False
282,0.944988,ImdbClassification,Qwen/Qwen3-Embedding-0.6B,Encode and classify the following eng snippet from Large Movie Review Dataset:,False
283,0.71021,AmazonCounterfactualClassification,Qwen/Qwen3-Embedding-0.6B,Assign a category to this input:,False
285,0.63429,Touche2020Retrieval.v3,Qwen/Qwen3-Embedding-0.6B,Query for retrieval:,False
286,0.884522,STS15,Qwen/Qwen3-Embedding-0.6B,Assess semantic similarity in eng:,False
287,0.701916,STS22.v2,Qwen/Qwen3-Embedding-0.6B,Compare similarity between two news texts:,False
288,0.51711,MIRACLRetrievalHardNegatives.v2,Qwen/Qwen3-Embedding-0.6B,MIRACL retrieval query in eng:,False
289,0.61231,Touche2020Retrieval.v3,Qwen/Qwen3-Embedding-0.6B,Text to be used in retrieval:,False
290,0.51722,MasakhaNEWSClusteringS2S,Qwen/Qwen3-Embedding-0.6B,Cluster these MasakhaNEWS headlines:,False
291,0.43363,MasakhaNEWSClusteringS2S,Qwen/Qwen3-Embedding-0.6B,Clustering input:,False
292,0.377023,MedrxivClusteringP2P.v2,Qwen/Qwen3-Embedding-0.6B,Group similar texts (eng):,False
293,0.875697,STS15,Qwen/Qwen3-Embedding-0.6B,Similarity score:,False
294,0.8726,FEVERHardNegatives,Qwen/Qwen3-Embedding-0.6B,Encode this input for retrieval:,False
295,0.528898,MasakhaNEWSClusteringS2S,Qwen/Qwen3-Embedding-0.6B,Cluster this text:,False
296,0.373471,MedrxivClusteringP2P.v2,Qwen/Qwen3-Embedding-0.6B,Encode for clustering (eng):,False
297,0.685547,TweetSentimentClassification,Qwen/Qwen3-Embedding-0.6B,Label the tweet's sentiment:,False
298,0.776203,STS14,Qwen/Qwen3-Embedding-0.6B,Encode for similarity in eng - SemEval STS 2014:,False
299,0.53678,MasakhaNEWSClusteringS2S,Qwen/Qwen3-Embedding-0.6B,Cluster representation:,False
300,0.38299,Touche2020Retrieval.v3,Qwen/Qwen3-Embedding-0.6B,Encode (eng) for Touché Task 1: Argument Retrieval for Controversial Questions:,False
301,0.908452,ImdbClassification,Qwen/Qwen3-Embedding-0.6B,Assign a category to this input:,False
302,0.604336,StackExchangeClustering.v2,Qwen/Qwen3-Embedding-0.6B,Assign to a cluster:,False
303,0.376208,MedrxivClusteringP2P.v2,Qwen/Qwen3-Embedding-0.6B,Cluster this text:,False
304,0.695236,STS22.v2,Qwen/Qwen3-Embedding-0.6B,Semantic similarity of multilingual articles:,False
305,0.656777,StackExchangeClustering.v2,Qwen/Qwen3-Embedding-0.6B,Assign each title to a cluster:,False
306,0.724123,STS14,Qwen/Qwen3-Embedding-0.6B,Encode this pair for similarity measurement:,False
307,0.680469,TweetSentimentClassification,Qwen/Qwen3-Embedding-0.6B,Sentiment analysis label:,False
308,0.631133,MasakhaNEWSClusteringS2S,Qwen/Qwen3-Embedding-0.6B,Eng: perform clustering on MasakhaNEWS news headlines:,False
309,0.703825,STS22.v2,Qwen/Qwen3-Embedding-0.6B,Similarity score for article pair:,False
310,0.381814,MedrxivClusteringP2P.v2,Qwen/Qwen3-Embedding-0.6B,Cluster these medrxiv titles+abstracts (eng):,False
311,0.489453,TweetSentimentClassification,Qwen/Qwen3-Embedding-0.6B,Determine the class for the given passage:,False
312,0.756208,STS14,Qwen/Qwen3-Embedding-0.6B,"Assess semantic similarity, language eng, dataset SemEval STS 2014:",False
313,0.742844,STS14,Qwen/Qwen3-Embedding-0.6B,"Compute text pair similarity (eng, SemEval STS 2014):",False
314,0.62527,Touche2020Retrieval.v3,Qwen/Qwen3-Embedding-0.6B,Retrieve relevant passage:,False
315,0.65495,StackExchangeClustering.v2,Qwen/Qwen3-Embedding-0.6B,Group the titles into clusters:,False
316,0.564728,StackExchangeClustering.v2,Qwen/Qwen3-Embedding-0.6B,Cluster representation:,False
317,0.880307,STS15,Qwen/Qwen3-Embedding-0.6B,Encode pair for semantic-similarity in eng:,False
318,0.52848,MIRACLRetrievalHardNegatives.v2,Qwen/Qwen3-Embedding-0.6B,Search for documents using this query:,False
319,0.540234,TweetSentimentClassification,Qwen/Qwen3-Embedding-0.6B,Classify the following text:,False
320,0.88406,FEVERHardNegatives,Qwen/Qwen3-Embedding-0.6B,Passage (eng) for retrieval task:,False
321,0.591,Touche2020Retrieval.v3,Qwen/Qwen3-Embedding-0.6B,Query for Touché Retrieval:,False
322,0.857167,STS15,Qwen/Qwen3-Embedding-0.6B,"Measure text similarity in eng, SemEval STS 2015:",False
323,0.758867,STS14,Qwen/Qwen3-Embedding-0.6B,"Similarity score request, eng, SemEval STS 2014:",False
324,0.703778,STS22.v2,Qwen/Qwen3-Embedding-0.6B,"In eng, assess similarity of news article pair – SemEval 2022 Task 8:",False
325,0.575626,StackExchangeClustering.v2,Qwen/Qwen3-Embedding-0.6B,"Encode for clustering, language eng:",False
326,0.681711,STS22.v2,Qwen/Qwen3-Embedding-0.6B,Measure semantic similarity:,False
327,0.809911,STS14,Qwen/Qwen3-Embedding-0.6B,Encode for semantic matching:,False
328,0.771171,AmazonCounterfactualClassification,Qwen/Qwen3-Embedding-0.6B,Classify this review pair:,False
330,0.87594,FEVERHardNegatives,Qwen/Qwen3-Embedding-0.6B,Search representation (eng) for retrieval:,False
331,0.791081,STS14,Qwen/Qwen3-Embedding-0.6B,Measure semantic similarity:,False
332,0.51314,MIRACLRetrievalHardNegatives.v2,Qwen/Qwen3-Embedding-0.6B,Query (retrieval task):,False
333,0.911411,AmazonCounterfactualClassification,Qwen/Qwen3-Embedding-0.6B,Label the following counterfactual detection example in eng:,False
335,0.763213,AmazonCounterfactualClassification,Qwen/Qwen3-Embedding-0.6B,Determine the classification for this example:,False
337,0.692969,TweetSentimentClassification,Qwen/Qwen3-Embedding-0.6B,Label this tweet with its sentiment (eng):,False
338,0.685937,TweetSentimentClassification,Qwen/Qwen3-Embedding-0.6B,Sentiment label prediction (eng):,False
339,0.888303,STS15,Qwen/Qwen3-Embedding-0.6B,Encode for semantic matching:,False
340,0.705859,TweetSentimentClassification,Qwen/Qwen3-Embedding-0.6B,Classify the sentiment of this tweet:,False
341,0.54526,Touche2020Retrieval.v3,Qwen/Qwen3-Embedding-0.6B,Encode this query for argument retrieval:,False
342,0.85342,FEVERHardNegatives,Qwen/Qwen3-Embedding-0.6B,Encode this claim for retrieval:,False
343,0.705355,STS22.v2,Qwen/Qwen3-Embedding-0.6B,Similarity score between texts:,False
344,0.952552,ImdbClassification,Qwen/Qwen3-Embedding-0.6B,"Classify this review (eng, Large Movie Review Dataset):",False
345,0.796264,STS14,Qwen/Qwen3-Embedding-0.6B,Similarity score for the following texts:,False
346,0.61911,Touche2020Retrieval.v3,Qwen/Qwen3-Embedding-0.6B,Search representation:,False
347,0.879615,STS15,Qwen/Qwen3-Embedding-0.6B,Semantic similarity in eng (SemEval STS 2015):,False
348,0.696687,STS22.v2,Qwen/Qwen3-Embedding-0.6B,Semantic similarity (eng) – SemEval 2022 Task 8 News:,False
349,0.789339,AmazonCounterfactualClassification,Qwen/Qwen3-Embedding-0.6B,Label this example:,False
351,0.383451,MedrxivClusteringP2P.v2,Qwen/Qwen3-Embedding-0.6B,Cluster the medrxiv title and abstract:,False
352,0.773273,AmazonCounterfactualClassification,Qwen/Qwen3-Embedding-0.6B,"Predict the label for this instance, eng:",False
354,0.686719,TweetSentimentClassification,Qwen/Qwen3-Embedding-0.6B,Assign sentiment category to the following tweet:,False
355,0.739888,STS14,Qwen/Qwen3-Embedding-0.6B,Assess textual similarity:,False
356,0.949044,ImdbClassification,Qwen/Qwen3-Embedding-0.6B,Assign a label to this review:,False
357,0.593827,StackExchangeClustering.v2,Qwen/Qwen3-Embedding-0.6B,Cluster this text:,False
358,0.782934,STS14,Qwen/Qwen3-Embedding-0.6B,Query-Document similarity:,False
359,0.51727,MIRACLRetrievalHardNegatives.v2,Qwen/Qwen3-Embedding-0.6B,Retrieve relevant text in eng:,False
360,0.495703,TweetSentimentClassification,Qwen/Qwen3-Embedding-0.6B,Assign a category to this input:,False
361,0.51626,MIRACLRetrievalHardNegatives.v2,Qwen/Qwen3-Embedding-0.6B,Text to be used in retrieval:,False
362,0.700007,STS22.v2,Qwen/Qwen3-Embedding-0.6B,Query-Document similarity:,False
363,0.66966,Touche2020Retrieval.v3,Qwen/Qwen3-Embedding-0.6B,Retrieve arguments for controversial question:,False
364,0.620675,StackExchangeClustering.v2,Qwen/Qwen3-Embedding-0.6B,Cluster these stackexchange titles (eng):,False
365,0.51353,MIRACLRetrievalHardNegatives.v2,Qwen/Qwen3-Embedding-0.6B,Query for retrieval:,False
366,0.51618,MIRACLRetrievalHardNegatives.v2,Qwen/Qwen3-Embedding-0.6B,MIRACL retrieval query:,False
367,0.583712,StackExchangeClustering.v2,Qwen/Qwen3-Embedding-0.6B,Clustering input:,False
368,0.526439,MasakhaNEWSClusteringS2S,Qwen/Qwen3-Embedding-0.6B,Cluster MasakhaNEWS headlines in eng:,False
369,0.543359,TweetSentimentClassification,Qwen/Qwen3-Embedding-0.6B,Predict the label for the provided sentence:,False
370,0.693384,STS22.v2,Qwen/Qwen3-Embedding-0.6B,News article pair similarity:,False
371,0.631959,StackExchangeClustering.v2,Qwen/Qwen3-Embedding-0.6B,Create clusters for the given titles:,False
372,0.379989,MedrxivClusteringP2P.v2,Qwen/Qwen3-Embedding-0.6B,Cluster representation for medrxiv titles+abstracts:,False
373,0.570117,MasakhaNEWSClusteringS2S,Qwen/Qwen3-Embedding-0.6B,"Assign each MasakhaNEWS article title to a cluster, eng:",False
374,0.8746,FEVERHardNegatives,Qwen/Qwen3-Embedding-0.6B,Search representation:,False
375,0.51711,MIRACLRetrievalHardNegatives.v2,Qwen/Qwen3-Embedding-0.6B,Search representation:,False
376,0.886356,STS15,Qwen/Qwen3-Embedding-0.6B,Encode for semantic similarity:,False
377,0.51704,MIRACLRetrievalHardNegatives.v2,Qwen/Qwen3-Embedding-0.6B,Search passage for MIRACL in eng:,False
378,0.52181,MIRACLRetrievalHardNegatives.v2,Qwen/Qwen3-Embedding-0.6B,Retrieve relevant passage:,False
379,0.946248,ImdbClassification,Qwen/Qwen3-Embedding-0.6B,Category prediction for the following eng review (Large Movie Review Dataset):,False
380,0.931236,ImdbClassification,Qwen/Qwen3-Embedding-0.6B,Label this example:,False
381,0.88429,FEVERHardNegatives,Qwen/Qwen3-Embedding-0.6B,Retrieve relevant documents (eng):,False
382,0.688517,STS22.v2,Qwen/Qwen3-Embedding-0.6B,Evaluate semantic similarity (eng) on filtered SemEval 2022 Task 8 data:,False
383,0.62157,Touche2020Retrieval.v3,Qwen/Qwen3-Embedding-0.6B,Passage (eng) for argument retrieval:,False
384,0.549219,TweetSentimentClassification,Qwen/Qwen3-Embedding-0.6B,Classify the following tweet in eng:,False
385,0.695312,TweetSentimentClassification,Qwen/Qwen3-Embedding-0.6B,"Assign a sentiment category to this text, eng:",False
386,0.695312,TweetSentimentClassification,Qwen/Qwen3-Embedding-0.6B,eng sentiment analysis – classify:,False
387,0.950336,ImdbClassification,Qwen/Qwen3-Embedding-0.6B,Label this movie review in eng (dataset: Large Movie Review Dataset):,False
388,0.951144,ImdbClassification,Qwen/Qwen3-Embedding-0.6B,Classify the movie review:,False
389,0.584723,StackExchangeClustering.v2,Qwen/Qwen3-Embedding-0.6B,Group similar titles in eng:,False
390,0.658457,StackExchangeClustering.v2,Qwen/Qwen3-Embedding-0.6B,Cluster these StackExchange titles:,False
391,0.81305,STS14,Qwen/Qwen3-Embedding-0.6B,Semantic similarity query:,False
392,0.62234,Touche2020Retrieval.v3,Qwen/Qwen3-Embedding-0.6B,Retrieve (eng) relevant argument for Touché Task 1:,False
393,0.372696,MedrxivClusteringP2P.v2,Qwen/Qwen3-Embedding-0.6B,Group similar texts:,False
394,0.393791,MedrxivClusteringP2P.v2,Qwen/Qwen3-Embedding-0.6B,Assign this medrxiv entry to a cluster:,False
395,0.372724,MedrxivClusteringP2P.v2,Qwen/Qwen3-Embedding-0.6B,Clustering input (eng):,False
396,0.466774,MasakhaNEWSClusteringS2S,Qwen/Qwen3-Embedding-0.6B,Group similar texts:,False
397,0.876114,STS15,Qwen/Qwen3-Embedding-0.6B,Query-Document similarity:,False
398,0.392659,MedrxivClusteringP2P.v2,Qwen/Qwen3-Embedding-0.6B,Group similar medrxiv texts into one of 51 categories:,False
399,0.87956,FEVERHardNegatives,Qwen/Qwen3-Embedding-0.6B,Query for retrieval:,False
400,0.723097,STS14,Qwen/Qwen3-Embedding-0.6B,Text pair similarity assessment:,False
401,0.600323,StackExchangeClustering.v2,Qwen/Qwen3-Embedding-0.6B,Cluster representation for titles:,False
402,0.376837,MedrxivClusteringP2P.v2,Qwen/Qwen3-Embedding-0.6B,Embedding for clustering of medrxiv abstracts:,False
403,0.655953,MasakhaNEWSClusteringS2S,Qwen/Qwen3-Embedding-0.6B,Assign each news article title to a cluster:,False
404,0.801398,STS14,Qwen/Qwen3-Embedding-0.6B,"Semantic similarity (eng, SemEval STS 2014):",False
405,0.864176,STS15,Qwen/Qwen3-Embedding-0.6B,SemEval STS 2015 - Semantic similarity:,False
406,0.879025,STS15,Qwen/Qwen3-Embedding-0.6B,Similarity score between texts:,False
407,0.49137,MIRACLRetrievalHardNegatives.v2,Qwen/Qwen3-Embedding-0.6B,Encode for retrieval in eng:,False
408,0.861019,STS15,Qwen/Qwen3-Embedding-0.6B,Text pair similarity assessment:,False
409,0.86592,FEVERHardNegatives,Qwen/Qwen3-Embedding-0.6B,Retrieve relevant passage:,False
410,0.776007,STS14,Qwen/Qwen3-Embedding-0.6B,STS 2014: compare the two sentences:,False
411,0.696554,STS22.v2,Qwen/Qwen3-Embedding-0.6B,Encode for semantic matching:,False
412,0.674324,AmazonCounterfactualClassification,Qwen/Qwen3-Embedding-0.6B,Text classification (eng) – Amazon reviews:,False
414,0.937764,ImdbClassification,Qwen/Qwen3-Embedding-0.6B,Classify the following text:,False
415,0.872375,STS15,Qwen/Qwen3-Embedding-0.6B,Similarity between sentences in eng (SemEval STS 2015):,False
416,0.373969,MedrxivClusteringP2P.v2,Qwen/Qwen3-Embedding-0.6B,Cluster representation:,False
417,0.798319,STS14,Qwen/Qwen3-Embedding-0.6B,Similarity score between texts:,False
418,0.946456,ImdbClassification,Qwen/Qwen3-Embedding-0.6B,Assign a label to the text in eng – Large Movie Review Dataset:,False
419,0.62034,Touche2020Retrieval.v3,Qwen/Qwen3-Embedding-0.6B,Query (eng) for retrieval:,False
420,0.607421,MasakhaNEWSClusteringS2S,Qwen/Qwen3-Embedding-0.6B,Cluster representation for news headlines:,False
421,0.783333,AmazonCounterfactualClassification,Qwen/Qwen3-Embedding-0.6B,Predict the label for the provided sentence:,False
423,0.697423,STS22.v2,Qwen/Qwen3-Embedding-0.6B,Compute similarity in eng for SemEval 2022 Task 8 pairs:,False
424,0.372879,MedrxivClusteringP2P.v2,Qwen/Qwen3-Embedding-0.6B,Clustering input:,False
425,0.806907,AmazonCounterfactualClassification,Qwen/Qwen3-Embedding-0.6B,Classify the following text:,False
427,0.584445,StackExchangeClustering.v2,Qwen/Qwen3-Embedding-0.6B,Clustering input (eng):,False
428,0.63677,Touche2020Retrieval.v3,Qwen/Qwen3-Embedding-0.6B,Search (eng) query for retrieval task:,False
429,0.693359,TweetSentimentClassification,Qwen/Qwen3-Embedding-0.6B,Predict sentiment for the tweet:,False
430,0.566818,StackExchangeClustering.v2,Qwen/Qwen3-Embedding-0.6B,Group similar texts:,False
431,0.667642,StackExchangeClustering.v2,Qwen/Qwen3-Embedding-0.6B,"Assign each title to a cluster, language eng:",False
432,0.87373,FEVERHardNegatives,Qwen/Qwen3-Embedding-0.6B,Query (eng) for retrieval:,False
433,0.951488,ImdbClassification,Qwen/Qwen3-Embedding-0.6B,Label this movie review:,False
434,0.715465,AmazonCounterfactualClassification,Qwen/Qwen3-Embedding-0.6B,Determine the class for the given passage:,False
436,0.885086,STS15,Qwen/Qwen3-Embedding-0.6B,Query similarity:,False
437,0.88022,FEVERHardNegatives,Qwen/Qwen3-Embedding-0.6B,Text to be used in retrieval:,False
438,0.882717,STS15,Qwen/Qwen3-Embedding-0.6B,Measure semantic similarity:,False
439,0.688653,STS22.v2,Qwen/Qwen3-Embedding-0.6B,eng: measure semantic similarity of news article pair (SemEval 2022 Task 8):,False
440,0.692943,AmazonCounterfactualClassification,Qwen/Qwen3-Embedding-0.6B,Predict the class:,False
442,0.88134,FEVERHardNegatives,Qwen/Qwen3-Embedding-0.6B,Passage retrieval input:,False
443,0.387893,MedrxivClusteringP2P.v2,Qwen/Qwen3-Embedding-0.6B,Assign to a cluster:,False
444,0.49272,MIRACLRetrievalHardNegatives.v2,Qwen/Qwen3-Embedding-0.6B,Encode this MIRACL query for retrieval:,False
445,0.933644,ImdbClassification,Qwen/Qwen3-Embedding-0.6B,Predict the class for the following review:,False
446,0.85531,FEVERHardNegatives,Qwen/Qwen3-Embedding-0.6B,Encode this FEVER claim in eng for retrieval:,False
447,0.567081,MasakhaNEWSClusteringS2S,Qwen/Qwen3-Embedding-0.6B,Group similar news headlines (MasakhaNEWS) in eng:,False
448,0.51865,MIRACLRetrievalHardNegatives.v2,Qwen/Qwen3-Embedding-0.6B,Query for retrieval in eng:,False
449,0.53119,MIRACLRetrievalHardNegatives.v2,Qwen/Qwen3-Embedding-0.6B,Retrieve relevant documents for the following query:,False
450,0.47267,Touche2020Retrieval.v3,Qwen/Qwen3-Embedding-0.6B,Encode this input for retrieval:,False
451,0.87745,FEVERHardNegatives,Qwen/Qwen3-Embedding-0.6B,Retrieve relevant documents for the given claim:,False
452,0.600391,TweetSentimentClassification,intfloat/multilingual-e5-large-instruct,Label this example:,False
453,0.567863,MasakhaNEWSClusteringS2S,intfloat/multilingual-e5-large-instruct,Assign to a cluster:,False
454,0.75,AmazonCounterfactualClassification,intfloat/multilingual-e5-large-instruct,Assign a counterfactual detection label:,False
456,0.70149,FEVERHardNegatives,intfloat/multilingual-e5-large-instruct,Search representation for retrieval:,False
457,0.602468,MasakhaNEWSClusteringS2S,intfloat/multilingual-e5-large-instruct,MasakhaNEWS headline clustering input:,False
458,0.667568,AmazonCounterfactualClassification,intfloat/multilingual-e5-large-instruct,Classify this Amazon review pair (eng):,False
460,0.45665,Touche2020Retrieval.v3,intfloat/multilingual-e5-large-instruct,Argument retrieval input:,False
461,0.640366,MasakhaNEWSClusteringS2S,intfloat/multilingual-e5-large-instruct,"Cluster representation for MasakhaNEWS headlines, language eng:",False
462,0.638138,AmazonCounterfactualClassification,intfloat/multilingual-e5-large-instruct,"Assign a category to the given review pair, language eng:",False
464,0.750424,ImdbClassification,intfloat/multilingual-e5-large-instruct,Determine the class for the given passage:,False
465,0.903004,ImdbClassification,intfloat/multilingual-e5-large-instruct,Category prediction for the review:,False
466,0.590998,MasakhaNEWSClusteringS2S,intfloat/multilingual-e5-large-instruct,Group similar MasakhaNEWS headlines:,False
467,0.374196,MedrxivClusteringP2P.v2,intfloat/multilingual-e5-large-instruct,Assign to a cluster (eng):,False
468,0.905224,ImdbClassification,intfloat/multilingual-e5-large-instruct,Predict the label for the provided sentence:,False
469,0.20515,MIRACLRetrievalHardNegatives.v2,intfloat/multilingual-e5-large-instruct,Encode this input for retrieval:,False
470,0.670511,STS22.v2,intfloat/multilingual-e5-large-instruct,Text pair similarity assessment:,False
471,0.666066,AmazonCounterfactualClassification,intfloat/multilingual-e5-large-instruct,Label the following Amazon review:,False
473,0.48447,Touche2020Retrieval.v3,intfloat/multilingual-e5-large-instruct,Search for relevant argument passage:,False
474,0.91484,ImdbClassification,intfloat/multilingual-e5-large-instruct,Encode and classify the following eng snippet from Large Movie Review Dataset:,False
475,0.650901,AmazonCounterfactualClassification,intfloat/multilingual-e5-large-instruct,Assign a category to this input:,False
477,0.47824,Touche2020Retrieval.v3,intfloat/multilingual-e5-large-instruct,Query for retrieval:,False
478,0.87638,STS15,intfloat/multilingual-e5-large-instruct,Assess semantic similarity in eng:,False
479,0.682991,STS22.v2,intfloat/multilingual-e5-large-instruct,Compare similarity between two news texts:,False
480,0.37253,MIRACLRetrievalHardNegatives.v2,intfloat/multilingual-e5-large-instruct,MIRACL retrieval query in eng:,False
481,0.47378,Touche2020Retrieval.v3,intfloat/multilingual-e5-large-instruct,Text to be used in retrieval:,False
482,0.509233,MasakhaNEWSClusteringS2S,intfloat/multilingual-e5-large-instruct,Cluster these MasakhaNEWS headlines:,False
483,0.627833,MasakhaNEWSClusteringS2S,intfloat/multilingual-e5-large-instruct,Clustering input:,False
484,0.359624,MedrxivClusteringP2P.v2,intfloat/multilingual-e5-large-instruct,Group similar texts (eng):,False
485,0.869183,STS15,intfloat/multilingual-e5-large-instruct,Similarity score:,False
486,0.3662,FEVERHardNegatives,intfloat/multilingual-e5-large-instruct,Encode this input for retrieval:,False
487,0.642889,MasakhaNEWSClusteringS2S,intfloat/multilingual-e5-large-instruct,Cluster this text:,False
488,0.360938,MedrxivClusteringP2P.v2,intfloat/multilingual-e5-large-instruct,Encode for clustering (eng):,False
489,0.637109,TweetSentimentClassification,intfloat/multilingual-e5-large-instruct,Label the tweet's sentiment:,False
490,0.816454,STS14,intfloat/multilingual-e5-large-instruct,Encode for similarity in eng - SemEval STS 2014:,False
491,0.540855,MasakhaNEWSClusteringS2S,intfloat/multilingual-e5-large-instruct,Cluster representation:,False
492,0.34927,Touche2020Retrieval.v3,intfloat/multilingual-e5-large-instruct,Encode (eng) for Touché Task 1: Argument Retrieval for Controversial Questions:,False
493,0.892532,ImdbClassification,intfloat/multilingual-e5-large-instruct,Assign a category to this input:,False
494,0.621084,StackExchangeClustering.v2,intfloat/multilingual-e5-large-instruct,Assign to a cluster:,False
495,0.395146,MedrxivClusteringP2P.v2,intfloat/multilingual-e5-large-instruct,Cluster this text:,False
496,0.672247,STS22.v2,intfloat/multilingual-e5-large-instruct,Semantic similarity of multilingual articles:,False
497,0.645466,StackExchangeClustering.v2,intfloat/multilingual-e5-large-instruct,Assign each title to a cluster:,False
498,0.786928,STS14,intfloat/multilingual-e5-large-instruct,Encode this pair for similarity measurement:,False
499,0.640234,TweetSentimentClassification,intfloat/multilingual-e5-large-instruct,Sentiment analysis label:,False
500,0.50765,MasakhaNEWSClusteringS2S,intfloat/multilingual-e5-large-instruct,Eng: perform clustering on MasakhaNEWS news headlines:,False
501,0.63794,STS22.v2,intfloat/multilingual-e5-large-instruct,Similarity score for article pair:,False
502,0.385678,MedrxivClusteringP2P.v2,intfloat/multilingual-e5-large-instruct,Cluster these medrxiv titles+abstracts (eng):,False
503,0.485156,TweetSentimentClassification,intfloat/multilingual-e5-large-instruct,Determine the class for the given passage:,False
504,0.791433,STS14,intfloat/multilingual-e5-large-instruct,"Assess semantic similarity, language eng, dataset SemEval STS 2014:",False
505,0.817443,STS14,intfloat/multilingual-e5-large-instruct,"Compute text pair similarity (eng, SemEval STS 2014):",False
506,0.48915,Touche2020Retrieval.v3,intfloat/multilingual-e5-large-instruct,Retrieve relevant passage:,False
507,0.650637,StackExchangeClustering.v2,intfloat/multilingual-e5-large-instruct,Group the titles into clusters:,False
508,0.601215,StackExchangeClustering.v2,intfloat/multilingual-e5-large-instruct,Cluster representation:,False
509,0.88551,STS15,intfloat/multilingual-e5-large-instruct,Encode pair for semantic-similarity in eng:,False
510,0.48301,MIRACLRetrievalHardNegatives.v2,intfloat/multilingual-e5-large-instruct,Search for documents using this query:,False
511,0.599609,TweetSentimentClassification,intfloat/multilingual-e5-large-instruct,Classify the following text:,False
512,0.6826,FEVERHardNegatives,intfloat/multilingual-e5-large-instruct,Passage (eng) for retrieval task:,False
513,0.41904,Touche2020Retrieval.v3,intfloat/multilingual-e5-large-instruct,Query for Touché Retrieval:,False
514,0.887009,STS15,intfloat/multilingual-e5-large-instruct,"Measure text similarity in eng, SemEval STS 2015:",False
515,0.820692,STS14,intfloat/multilingual-e5-large-instruct,"Similarity score request, eng, SemEval STS 2014:",False
516,0.680045,STS22.v2,intfloat/multilingual-e5-large-instruct,"In eng, assess similarity of news article pair – SemEval 2022 Task 8:",False
517,0.611239,StackExchangeClustering.v2,intfloat/multilingual-e5-large-instruct,"Encode for clustering, language eng:",False
518,0.684396,STS22.v2,intfloat/multilingual-e5-large-instruct,Measure semantic similarity:,False
519,0.826024,STS14,intfloat/multilingual-e5-large-instruct,Encode for semantic matching:,False
520,0.673423,AmazonCounterfactualClassification,intfloat/multilingual-e5-large-instruct,Classify this review pair:,False
522,0.75397,FEVERHardNegatives,intfloat/multilingual-e5-large-instruct,Search representation (eng) for retrieval:,False
523,0.803379,STS14,intfloat/multilingual-e5-large-instruct,Measure semantic similarity:,False
524,0.39706,MIRACLRetrievalHardNegatives.v2,intfloat/multilingual-e5-large-instruct,Query (retrieval task):,False
525,0.738889,AmazonCounterfactualClassification,intfloat/multilingual-e5-large-instruct,Label the following counterfactual detection example in eng:,False
527,0.681081,AmazonCounterfactualClassification,intfloat/multilingual-e5-large-instruct,Determine the classification for this example:,False
529,0.633984,TweetSentimentClassification,intfloat/multilingual-e5-large-instruct,Label this tweet with its sentiment (eng):,False
530,0.639062,TweetSentimentClassification,intfloat/multilingual-e5-large-instruct,Sentiment label prediction (eng):,False
531,0.883357,STS15,intfloat/multilingual-e5-large-instruct,Encode for semantic matching:,False
532,0.635156,TweetSentimentClassification,intfloat/multilingual-e5-large-instruct,Classify the sentiment of this tweet:,False
533,0.45754,Touche2020Retrieval.v3,intfloat/multilingual-e5-large-instruct,Encode this query for argument retrieval:,False
534,0.51953,FEVERHardNegatives,intfloat/multilingual-e5-large-instruct,Encode this claim for retrieval:,False
535,0.648782,STS22.v2,intfloat/multilingual-e5-large-instruct,Similarity score between texts:,False
536,0.944036,ImdbClassification,intfloat/multilingual-e5-large-instruct,"Classify this review (eng, Large Movie Review Dataset):",False
537,0.805325,STS14,intfloat/multilingual-e5-large-instruct,Similarity score for the following texts:,False
538,0.49747,Touche2020Retrieval.v3,intfloat/multilingual-e5-large-instruct,Search representation:,False
539,0.883671,STS15,intfloat/multilingual-e5-large-instruct,Semantic similarity in eng (SemEval STS 2015):,False
540,0.671493,STS22.v2,intfloat/multilingual-e5-large-instruct,Semantic similarity (eng) – SemEval 2022 Task 8 News:,False
541,0.690841,AmazonCounterfactualClassification,intfloat/multilingual-e5-large-instruct,Label this example:,False
543,0.396494,MedrxivClusteringP2P.v2,intfloat/multilingual-e5-large-instruct,Cluster the medrxiv title and abstract:,False
544,0.673724,AmazonCounterfactualClassification,intfloat/multilingual-e5-large-instruct,"Predict the label for this instance, eng:",False
546,0.637109,TweetSentimentClassification,intfloat/multilingual-e5-large-instruct,Assign sentiment category to the following tweet:,False
547,0.796736,STS14,intfloat/multilingual-e5-large-instruct,Assess textual similarity:,False
548,0.94804,ImdbClassification,intfloat/multilingual-e5-large-instruct,Assign a label to this review:,False
549,0.651728,StackExchangeClustering.v2,intfloat/multilingual-e5-large-instruct,Cluster this text:,False
550,0.811091,STS14,intfloat/multilingual-e5-large-instruct,Query-Document similarity:,False
551,0.47422,MIRACLRetrievalHardNegatives.v2,intfloat/multilingual-e5-large-instruct,Retrieve relevant text in eng:,False
552,0.528906,TweetSentimentClassification,intfloat/multilingual-e5-large-instruct,Assign a category to this input:,False
553,0.32191,MIRACLRetrievalHardNegatives.v2,intfloat/multilingual-e5-large-instruct,Text to be used in retrieval:,False
554,0.670373,STS22.v2,intfloat/multilingual-e5-large-instruct,Query-Document similarity:,False
555,0.54304,Touche2020Retrieval.v3,intfloat/multilingual-e5-large-instruct,Retrieve arguments for controversial question:,False
556,0.666272,StackExchangeClustering.v2,intfloat/multilingual-e5-large-instruct,Cluster these stackexchange titles (eng):,False
557,0.32745,MIRACLRetrievalHardNegatives.v2,intfloat/multilingual-e5-large-instruct,Query for retrieval:,False
558,0.33508,MIRACLRetrievalHardNegatives.v2,intfloat/multilingual-e5-large-instruct,MIRACL retrieval query:,False
559,0.632023,StackExchangeClustering.v2,intfloat/multilingual-e5-large-instruct,Clustering input:,False
560,0.450887,MasakhaNEWSClusteringS2S,intfloat/multilingual-e5-large-instruct,Cluster MasakhaNEWS headlines in eng:,False
561,0.550391,TweetSentimentClassification,intfloat/multilingual-e5-large-instruct,Predict the label for the provided sentence:,False
562,0.666153,STS22.v2,intfloat/multilingual-e5-large-instruct,News article pair similarity:,False
563,0.649513,StackExchangeClustering.v2,intfloat/multilingual-e5-large-instruct,Create clusters for the given titles:,False
564,0.38069,MedrxivClusteringP2P.v2,intfloat/multilingual-e5-large-instruct,Cluster representation for medrxiv titles+abstracts:,False
565,0.657823,MasakhaNEWSClusteringS2S,intfloat/multilingual-e5-large-instruct,"Assign each MasakhaNEWS article title to a cluster, eng:",False
566,0.58464,FEVERHardNegatives,intfloat/multilingual-e5-large-instruct,Search representation:,False
567,0.35252,MIRACLRetrievalHardNegatives.v2,intfloat/multilingual-e5-large-instruct,Search representation:,False
568,0.887911,STS15,intfloat/multilingual-e5-large-instruct,Encode for semantic similarity:,False
569,0.3808,MIRACLRetrievalHardNegatives.v2,intfloat/multilingual-e5-large-instruct,Search passage for MIRACL in eng:,False
570,0.44988,MIRACLRetrievalHardNegatives.v2,intfloat/multilingual-e5-large-instruct,Retrieve relevant passage:,False
571,0.850524,ImdbClassification,intfloat/multilingual-e5-large-instruct,Category prediction for the following eng review (Large Movie Review Dataset):,False
572,0.94182,ImdbClassification,intfloat/multilingual-e5-large-instruct,Label this example:,False
573,0.79813,FEVERHardNegatives,intfloat/multilingual-e5-large-instruct,Retrieve relevant documents (eng):,False
574,0.674092,STS22.v2,intfloat/multilingual-e5-large-instruct,Evaluate semantic similarity (eng) on filtered SemEval 2022 Task 8 data:,False
575,0.51186,Touche2020Retrieval.v3,intfloat/multilingual-e5-large-instruct,Passage (eng) for argument retrieval:,False
576,0.576953,TweetSentimentClassification,intfloat/multilingual-e5-large-instruct,Classify the following tweet in eng:,False
577,0.630859,TweetSentimentClassification,intfloat/multilingual-e5-large-instruct,"Assign a sentiment category to this text, eng:",False
578,0.644922,TweetSentimentClassification,intfloat/multilingual-e5-large-instruct,eng sentiment analysis – classify:,False
579,0.930788,ImdbClassification,intfloat/multilingual-e5-large-instruct,Label this movie review in eng (dataset: Large Movie Review Dataset):,False
580,0.949776,ImdbClassification,intfloat/multilingual-e5-large-instruct,Classify the movie review:,False
581,0.635033,StackExchangeClustering.v2,intfloat/multilingual-e5-large-instruct,Group similar titles in eng:,False
582,0.671531,StackExchangeClustering.v2,intfloat/multilingual-e5-large-instruct,Cluster these StackExchange titles:,False
583,0.817564,STS14,intfloat/multilingual-e5-large-instruct,Semantic similarity query:,False
584,0.50846,Touche2020Retrieval.v3,intfloat/multilingual-e5-large-instruct,Retrieve (eng) relevant argument for Touché Task 1:,False
585,0.360405,MedrxivClusteringP2P.v2,intfloat/multilingual-e5-large-instruct,Group similar texts:,False
586,0.395092,MedrxivClusteringP2P.v2,intfloat/multilingual-e5-large-instruct,Assign this medrxiv entry to a cluster:,False
587,0.377144,MedrxivClusteringP2P.v2,intfloat/multilingual-e5-large-instruct,Clustering input (eng):,False
588,0.516501,MasakhaNEWSClusteringS2S,intfloat/multilingual-e5-large-instruct,Group similar texts:,False
589,0.881897,STS15,intfloat/multilingual-e5-large-instruct,Query-Document similarity:,False
590,0.393464,MedrxivClusteringP2P.v2,intfloat/multilingual-e5-large-instruct,Group similar medrxiv texts into one of 51 categories:,False
591,0.51091,FEVERHardNegatives,intfloat/multilingual-e5-large-instruct,Query for retrieval:,False
592,0.791014,STS14,intfloat/multilingual-e5-large-instruct,Text pair similarity assessment:,False
593,0.640845,StackExchangeClustering.v2,intfloat/multilingual-e5-large-instruct,Cluster representation for titles:,False
594,0.380148,MedrxivClusteringP2P.v2,intfloat/multilingual-e5-large-instruct,Embedding for clustering of medrxiv abstracts:,False
595,0.628474,MasakhaNEWSClusteringS2S,intfloat/multilingual-e5-large-instruct,Assign each news article title to a cluster:,False
596,0.819841,STS14,intfloat/multilingual-e5-large-instruct,"Semantic similarity (eng, SemEval STS 2014):",False
597,0.878182,STS15,intfloat/multilingual-e5-large-instruct,SemEval STS 2015 - Semantic similarity:,False
598,0.86482,STS15,intfloat/multilingual-e5-large-instruct,Similarity score between texts:,False
599,0.16343,MIRACLRetrievalHardNegatives.v2,intfloat/multilingual-e5-large-instruct,Encode for retrieval in eng:,False
600,0.857757,STS15,intfloat/multilingual-e5-large-instruct,Text pair similarity assessment:,False
601,0.59029,FEVERHardNegatives,intfloat/multilingual-e5-large-instruct,Retrieve relevant passage:,False
602,0.795293,STS14,intfloat/multilingual-e5-large-instruct,STS 2014: compare the two sentences:,False
603,0.685419,STS22.v2,intfloat/multilingual-e5-large-instruct,Encode for semantic matching:,False
604,0.660811,AmazonCounterfactualClassification,intfloat/multilingual-e5-large-instruct,Text classification (eng) – Amazon reviews:,False
606,0.947068,ImdbClassification,intfloat/multilingual-e5-large-instruct,Classify the following text:,False
607,0.881971,STS15,intfloat/multilingual-e5-large-instruct,Similarity between sentences in eng (SemEval STS 2015):,False
608,0.377309,MedrxivClusteringP2P.v2,intfloat/multilingual-e5-large-instruct,Cluster representation:,False
609,0.804319,STS14,intfloat/multilingual-e5-large-instruct,Similarity score between texts:,False
610,0.93212,ImdbClassification,intfloat/multilingual-e5-large-instruct,Assign a label to the text in eng – Large Movie Review Dataset:,False
611,0.50982,Touche2020Retrieval.v3,intfloat/multilingual-e5-large-instruct,Query (eng) for retrieval:,False
612,0.618129,MasakhaNEWSClusteringS2S,intfloat/multilingual-e5-large-instruct,Cluster representation for news headlines:,False
613,0.664114,AmazonCounterfactualClassification,intfloat/multilingual-e5-large-instruct,Predict the label for the provided sentence:,False
615,0.682498,STS22.v2,intfloat/multilingual-e5-large-instruct,Compute similarity in eng for SemEval 2022 Task 8 pairs:,False
616,0.383789,MedrxivClusteringP2P.v2,intfloat/multilingual-e5-large-instruct,Clustering input:,False
617,0.680931,AmazonCounterfactualClassification,intfloat/multilingual-e5-large-instruct,Classify the following text:,False
619,0.641545,StackExchangeClustering.v2,intfloat/multilingual-e5-large-instruct,Clustering input (eng):,False
620,0.53989,Touche2020Retrieval.v3,intfloat/multilingual-e5-large-instruct,Search (eng) query for retrieval task:,False
621,0.629297,TweetSentimentClassification,intfloat/multilingual-e5-large-instruct,Predict sentiment for the tweet:,False
622,0.634901,StackExchangeClustering.v2,intfloat/multilingual-e5-large-instruct,Group similar texts:,False
623,0.653009,StackExchangeClustering.v2,intfloat/multilingual-e5-large-instruct,"Assign each title to a cluster, language eng:",False
624,0.7021,FEVERHardNegatives,intfloat/multilingual-e5-large-instruct,Query (eng) for retrieval:,False
625,0.947,ImdbClassification,intfloat/multilingual-e5-large-instruct,Label this movie review:,False
626,0.616366,AmazonCounterfactualClassification,intfloat/multilingual-e5-large-instruct,Determine the class for the given passage:,False
628,0.88646,STS15,intfloat/multilingual-e5-large-instruct,Query similarity:,False
629,0.4824,FEVERHardNegatives,intfloat/multilingual-e5-large-instruct,Text to be used in retrieval:,False
630,0.869605,STS15,intfloat/multilingual-e5-large-instruct,Measure semantic similarity:,False
631,0.66514,STS22.v2,intfloat/multilingual-e5-large-instruct,eng: measure semantic similarity of news article pair (SemEval 2022 Task 8):,False
632,0.588589,AmazonCounterfactualClassification,intfloat/multilingual-e5-large-instruct,Predict the class:,False
634,0.40563,FEVERHardNegatives,intfloat/multilingual-e5-large-instruct,Passage retrieval input:,False
635,0.379749,MedrxivClusteringP2P.v2,intfloat/multilingual-e5-large-instruct,Assign to a cluster:,False
636,0.26991,MIRACLRetrievalHardNegatives.v2,intfloat/multilingual-e5-large-instruct,Encode this MIRACL query for retrieval:,False
637,0.858628,ImdbClassification,intfloat/multilingual-e5-large-instruct,Predict the class for the following review:,False
638,0.57318,FEVERHardNegatives,intfloat/multilingual-e5-large-instruct,Encode this FEVER claim in eng for retrieval:,False
639,0.558314,MasakhaNEWSClusteringS2S,intfloat/multilingual-e5-large-instruct,Group similar news headlines (MasakhaNEWS) in eng:,False
640,0.33735,MIRACLRetrievalHardNegatives.v2,intfloat/multilingual-e5-large-instruct,Query for retrieval in eng:,False
641,0.49322,MIRACLRetrievalHardNegatives.v2,intfloat/multilingual-e5-large-instruct,Retrieve relevant documents for the following query:,False
642,0.40943,Touche2020Retrieval.v3,intfloat/multilingual-e5-large-instruct,Encode this input for retrieval:,False
643,0.80453,FEVERHardNegatives,intfloat/multilingual-e5-large-instruct,Retrieve relevant documents for the given claim:,False
644,0.518359,TweetSentimentClassification,BAAI/bge-base-en-v1.5,Label this example:,False
645,0.434593,MasakhaNEWSClusteringS2S,BAAI/bge-base-en-v1.5,Assign to a cluster:,False
646,0.683333,AmazonCounterfactualClassification,BAAI/bge-base-en-v1.5,Assign a counterfactual detection label:,False
648,0.71246,FEVERHardNegatives,BAAI/bge-base-en-v1.5,Search representation for retrieval:,False
649,0.455531,MasakhaNEWSClusteringS2S,BAAI/bge-base-en-v1.5,MasakhaNEWS headline clustering input:,False
650,0.696547,AmazonCounterfactualClassification,BAAI/bge-base-en-v1.5,Classify this Amazon review pair (eng):,False
652,0.21544,Touche2020Retrieval.v3,BAAI/bge-base-en-v1.5,Argument retrieval input:,False
653,0.420321,MasakhaNEWSClusteringS2S,BAAI/bge-base-en-v1.5,"Cluster representation for MasakhaNEWS headlines, language eng:",False
654,0.701351,AmazonCounterfactualClassification,BAAI/bge-base-en-v1.5,"Assign a category to the given review pair, language eng:",False
656,0.888672,ImdbClassification,BAAI/bge-base-en-v1.5,Determine the class for the given passage:,False
657,0.906468,ImdbClassification,BAAI/bge-base-en-v1.5,Category prediction for the review:,False
658,0.516925,MasakhaNEWSClusteringS2S,BAAI/bge-base-en-v1.5,Group similar MasakhaNEWS headlines:,False
659,0.365556,MedrxivClusteringP2P.v2,BAAI/bge-base-en-v1.5,Assign to a cluster (eng):,False
660,0.894072,ImdbClassification,BAAI/bge-base-en-v1.5,Predict the label for the provided sentence:,False
661,0.38059,MIRACLRetrievalHardNegatives.v2,BAAI/bge-base-en-v1.5,Encode this input for retrieval:,False
662,0.665778,STS22.v2,BAAI/bge-base-en-v1.5,Text pair similarity assessment:,False
663,0.712462,AmazonCounterfactualClassification,BAAI/bge-base-en-v1.5,Label the following Amazon review:,False
665,0.34763,Touche2020Retrieval.v3,BAAI/bge-base-en-v1.5,Search for relevant argument passage:,False
666,0.87804,ImdbClassification,BAAI/bge-base-en-v1.5,Encode and classify the following eng snippet from Large Movie Review Dataset:,False
667,0.670571,AmazonCounterfactualClassification,BAAI/bge-base-en-v1.5,Assign a category to this input:,False
669,0.37269,Touche2020Retrieval.v3,BAAI/bge-base-en-v1.5,Query for retrieval:,False
670,0.756819,STS15,BAAI/bge-base-en-v1.5,Assess semantic similarity in eng:,False
671,0.655098,STS22.v2,BAAI/bge-base-en-v1.5,Compare similarity between two news texts:,False
672,0.34833,MIRACLRetrievalHardNegatives.v2,BAAI/bge-base-en-v1.5,MIRACL retrieval query in eng:,False
673,0.18812,Touche2020Retrieval.v3,BAAI/bge-base-en-v1.5,Text to be used in retrieval:,False
674,0.521958,MasakhaNEWSClusteringS2S,BAAI/bge-base-en-v1.5,Cluster these MasakhaNEWS headlines:,False
675,0.5759,MasakhaNEWSClusteringS2S,BAAI/bge-base-en-v1.5,Clustering input:,False
676,0.363542,MedrxivClusteringP2P.v2,BAAI/bge-base-en-v1.5,Group similar texts (eng):,False
677,0.829194,STS15,BAAI/bge-base-en-v1.5,Similarity score:,False
678,0.76672,FEVERHardNegatives,BAAI/bge-base-en-v1.5,Encode this input for retrieval:,False
679,0.268807,MasakhaNEWSClusteringS2S,BAAI/bge-base-en-v1.5,Cluster this text:,False
680,0.368425,MedrxivClusteringP2P.v2,BAAI/bge-base-en-v1.5,Encode for clustering (eng):,False
681,0.508984,TweetSentimentClassification,BAAI/bge-base-en-v1.5,Label the tweet's sentiment:,False
682,0.638289,STS14,BAAI/bge-base-en-v1.5,Encode for similarity in eng - SemEval STS 2014:,False
683,0.218711,MasakhaNEWSClusteringS2S,BAAI/bge-base-en-v1.5,Cluster representation:,False
684,0.04846,Touche2020Retrieval.v3,BAAI/bge-base-en-v1.5,Encode (eng) for Touché Task 1: Argument Retrieval for Controversial Questions:,False
685,0.907772,ImdbClassification,BAAI/bge-base-en-v1.5,Assign a category to this input:,False
686,0.570639,StackExchangeClustering.v2,BAAI/bge-base-en-v1.5,Assign to a cluster:,False
687,0.36787,MedrxivClusteringP2P.v2,BAAI/bge-base-en-v1.5,Cluster this text:,False
688,0.658459,STS22.v2,BAAI/bge-base-en-v1.5,Semantic similarity of multilingual articles:,False
689,0.558989,StackExchangeClustering.v2,BAAI/bge-base-en-v1.5,Assign each title to a cluster:,False
690,0.644871,STS14,BAAI/bge-base-en-v1.5,Encode this pair for similarity measurement:,False
691,0.511328,TweetSentimentClassification,BAAI/bge-base-en-v1.5,Sentiment analysis label:,False
692,0.398559,MasakhaNEWSClusteringS2S,BAAI/bge-base-en-v1.5,Eng: perform clustering on MasakhaNEWS news headlines:,False
693,0.661636,STS22.v2,BAAI/bge-base-en-v1.5,Similarity score for article pair:,False
694,0.367,MedrxivClusteringP2P.v2,BAAI/bge-base-en-v1.5,Cluster these medrxiv titles+abstracts (eng):,False
695,0.491797,TweetSentimentClassification,BAAI/bge-base-en-v1.5,Determine the class for the given passage:,False
696,0.718119,STS14,BAAI/bge-base-en-v1.5,"Assess semantic similarity, language eng, dataset SemEval STS 2014:",False
697,0.654116,STS14,BAAI/bge-base-en-v1.5,"Compute text pair similarity (eng, SemEval STS 2014):",False
698,0.37934,Touche2020Retrieval.v3,BAAI/bge-base-en-v1.5,Retrieve relevant passage:,False
699,0.567553,StackExchangeClustering.v2,BAAI/bge-base-en-v1.5,Group the titles into clusters:,False
700,0.573343,StackExchangeClustering.v2,BAAI/bge-base-en-v1.5,Cluster representation:,False
701,0.717426,STS15,BAAI/bge-base-en-v1.5,Encode pair for semantic-similarity in eng:,False
702,0.46417,MIRACLRetrievalHardNegatives.v2,BAAI/bge-base-en-v1.5,Search for documents using this query:,False
703,0.518359,TweetSentimentClassification,BAAI/bge-base-en-v1.5,Classify the following text:,False
704,0.68604,FEVERHardNegatives,BAAI/bge-base-en-v1.5,Passage (eng) for retrieval task:,False
705,0.3615,Touche2020Retrieval.v3,BAAI/bge-base-en-v1.5,Query for Touché Retrieval:,False
706,0.725905,STS15,BAAI/bge-base-en-v1.5,"Measure text similarity in eng, SemEval STS 2015:",False
707,0.730568,STS14,BAAI/bge-base-en-v1.5,"Similarity score request, eng, SemEval STS 2014:",False
708,0.677867,STS22.v2,BAAI/bge-base-en-v1.5,"In eng, assess similarity of news article pair – SemEval 2022 Task 8:",False
709,0.548758,StackExchangeClustering.v2,BAAI/bge-base-en-v1.5,"Encode for clustering, language eng:",False
710,0.66728,STS22.v2,BAAI/bge-base-en-v1.5,Measure semantic similarity:,False
711,0.625943,STS14,BAAI/bge-base-en-v1.5,Encode for semantic matching:,False
712,0.731081,AmazonCounterfactualClassification,BAAI/bge-base-en-v1.5,Classify this review pair:,False
714,0.73855,FEVERHardNegatives,BAAI/bge-base-en-v1.5,Search representation (eng) for retrieval:,False
715,0.645665,STS14,BAAI/bge-base-en-v1.5,Measure semantic similarity:,False
716,0.39085,MIRACLRetrievalHardNegatives.v2,BAAI/bge-base-en-v1.5,Query (retrieval task):,False
717,0.731231,AmazonCounterfactualClassification,BAAI/bge-base-en-v1.5,Label the following counterfactual detection example in eng:,False
719,0.717718,AmazonCounterfactualClassification,BAAI/bge-base-en-v1.5,Determine the classification for this example:,False
721,0.492578,TweetSentimentClassification,BAAI/bge-base-en-v1.5,Label this tweet with its sentiment (eng):,False
722,0.510156,TweetSentimentClassification,BAAI/bge-base-en-v1.5,Sentiment label prediction (eng):,False
723,0.751284,STS15,BAAI/bge-base-en-v1.5,Encode for semantic matching:,False
724,0.492188,TweetSentimentClassification,BAAI/bge-base-en-v1.5,Classify the sentiment of this tweet:,False
725,0.20775,Touche2020Retrieval.v3,BAAI/bge-base-en-v1.5,Encode this query for argument retrieval:,False
726,0.77375,FEVERHardNegatives,BAAI/bge-base-en-v1.5,Encode this claim for retrieval:,False
727,0.660782,STS22.v2,BAAI/bge-base-en-v1.5,Similarity score between texts:,False
728,0.902752,ImdbClassification,BAAI/bge-base-en-v1.5,"Classify this review (eng, Large Movie Review Dataset):",False
729,0.716169,STS14,BAAI/bge-base-en-v1.5,Similarity score for the following texts:,False
730,0.32969,Touche2020Retrieval.v3,BAAI/bge-base-en-v1.5,Search representation:,False
731,0.739578,STS15,BAAI/bge-base-en-v1.5,Semantic similarity in eng (SemEval STS 2015):,False
732,0.672445,STS22.v2,BAAI/bge-base-en-v1.5,Semantic similarity (eng) – SemEval 2022 Task 8 News:,False
733,0.733784,AmazonCounterfactualClassification,BAAI/bge-base-en-v1.5,Label this example:,False
735,0.369213,MedrxivClusteringP2P.v2,BAAI/bge-base-en-v1.5,Cluster the medrxiv title and abstract:,False
736,0.714865,AmazonCounterfactualClassification,BAAI/bge-base-en-v1.5,"Predict the label for this instance, eng:",False
738,0.471484,TweetSentimentClassification,BAAI/bge-base-en-v1.5,Assign sentiment category to the following tweet:,False
739,0.679332,STS14,BAAI/bge-base-en-v1.5,Assess textual similarity:,False
740,0.913728,ImdbClassification,BAAI/bge-base-en-v1.5,Assign a label to this review:,False
741,0.556125,StackExchangeClustering.v2,BAAI/bge-base-en-v1.5,Cluster this text:,False
742,0.632434,STS14,BAAI/bge-base-en-v1.5,Query-Document similarity:,False
743,0.39889,MIRACLRetrievalHardNegatives.v2,BAAI/bge-base-en-v1.5,Retrieve relevant text in eng:,False
744,0.480078,TweetSentimentClassification,BAAI/bge-base-en-v1.5,Assign a category to this input:,False
745,0.27731,MIRACLRetrievalHardNegatives.v2,BAAI/bge-base-en-v1.5,Text to be used in retrieval:,False
746,0.674616,STS22.v2,BAAI/bge-base-en-v1.5,Query-Document similarity:,False
747,0.28241,Touche2020Retrieval.v3,BAAI/bge-base-en-v1.5,Retrieve arguments for controversial question:,False
748,0.534773,StackExchangeClustering.v2,BAAI/bge-base-en-v1.5,Cluster these stackexchange titles (eng):,False
749,0.44021,MIRACLRetrievalHardNegatives.v2,BAAI/bge-base-en-v1.5,Query for retrieval:,False
750,0.40603,MIRACLRetrievalHardNegatives.v2,BAAI/bge-base-en-v1.5,MIRACL retrieval query:,False
751,0.57268,StackExchangeClustering.v2,BAAI/bge-base-en-v1.5,Clustering input:,False
752,0.384189,MasakhaNEWSClusteringS2S,BAAI/bge-base-en-v1.5,Cluster MasakhaNEWS headlines in eng:,False
753,0.517969,TweetSentimentClassification,BAAI/bge-base-en-v1.5,Predict the label for the provided sentence:,False
754,0.665274,STS22.v2,BAAI/bge-base-en-v1.5,News article pair similarity:,False
755,0.561469,StackExchangeClustering.v2,BAAI/bge-base-en-v1.5,Create clusters for the given titles:,False
756,0.365675,MedrxivClusteringP2P.v2,BAAI/bge-base-en-v1.5,Cluster representation for medrxiv titles+abstracts:,False
757,0.463383,MasakhaNEWSClusteringS2S,BAAI/bge-base-en-v1.5,"Assign each MasakhaNEWS article title to a cluster, eng:",False
758,0.82867,FEVERHardNegatives,BAAI/bge-base-en-v1.5,Search representation:,False
759,0.44264,MIRACLRetrievalHardNegatives.v2,BAAI/bge-base-en-v1.5,Search representation:,False
760,0.753333,STS15,BAAI/bge-base-en-v1.5,Encode for semantic similarity:,False
761,0.4505,MIRACLRetrievalHardNegatives.v2,BAAI/bge-base-en-v1.5,Search passage for MIRACL in eng:,False
762,0.44064,MIRACLRetrievalHardNegatives.v2,BAAI/bge-base-en-v1.5,Retrieve relevant passage:,False
763,0.884132,ImdbClassification,BAAI/bge-base-en-v1.5,Category prediction for the following eng review (Large Movie Review Dataset):,False
764,0.893168,ImdbClassification,BAAI/bge-base-en-v1.5,Label this example:,False
765,0.78164,FEVERHardNegatives,BAAI/bge-base-en-v1.5,Retrieve relevant documents (eng):,False
766,0.669631,STS22.v2,BAAI/bge-base-en-v1.5,Evaluate semantic similarity (eng) on filtered SemEval 2022 Task 8 data:,False
767,0.20709,Touche2020Retrieval.v3,BAAI/bge-base-en-v1.5,Passage (eng) for argument retrieval:,False
768,0.516797,TweetSentimentClassification,BAAI/bge-base-en-v1.5,Classify the following tweet in eng:,False
769,0.487109,TweetSentimentClassification,BAAI/bge-base-en-v1.5,"Assign a sentiment category to this text, eng:",False
770,0.501563,TweetSentimentClassification,BAAI/bge-base-en-v1.5,eng sentiment analysis – classify:,False
771,0.89394,ImdbClassification,BAAI/bge-base-en-v1.5,Label this movie review in eng (dataset: Large Movie Review Dataset):,False
772,0.910388,ImdbClassification,BAAI/bge-base-en-v1.5,Classify the movie review:,False
773,0.551188,StackExchangeClustering.v2,BAAI/bge-base-en-v1.5,Group similar titles in eng:,False
774,0.543108,StackExchangeClustering.v2,BAAI/bge-base-en-v1.5,Cluster these StackExchange titles:,False
775,0.686837,STS14,BAAI/bge-base-en-v1.5,Semantic similarity query:,False
776,0.2427,Touche2020Retrieval.v3,BAAI/bge-base-en-v1.5,Retrieve (eng) relevant argument for Touché Task 1:,False
777,0.364425,MedrxivClusteringP2P.v2,BAAI/bge-base-en-v1.5,Group similar texts:,False
778,0.364699,MedrxivClusteringP2P.v2,BAAI/bge-base-en-v1.5,Assign this medrxiv entry to a cluster:,False
779,0.36561,MedrxivClusteringP2P.v2,BAAI/bge-base-en-v1.5,Clustering input (eng):,False
780,0.383409,MasakhaNEWSClusteringS2S,BAAI/bge-base-en-v1.5,Group similar texts:,False
781,0.759923,STS15,BAAI/bge-base-en-v1.5,Query-Document similarity:,False
782,0.365571,MedrxivClusteringP2P.v2,BAAI/bge-base-en-v1.5,Group similar medrxiv texts into one of 51 categories:,False
783,0.80274,FEVERHardNegatives,BAAI/bge-base-en-v1.5,Query for retrieval:,False
784,0.628715,STS14,BAAI/bge-base-en-v1.5,Text pair similarity assessment:,False
785,0.558697,StackExchangeClustering.v2,BAAI/bge-base-en-v1.5,Cluster representation for titles:,False
786,0.3686,MedrxivClusteringP2P.v2,BAAI/bge-base-en-v1.5,Embedding for clustering of medrxiv abstracts:,False
787,0.394264,MasakhaNEWSClusteringS2S,BAAI/bge-base-en-v1.5,Assign each news article title to a cluster:,False
788,0.684288,STS14,BAAI/bge-base-en-v1.5,"Semantic similarity (eng, SemEval STS 2014):",False
789,0.79606,STS15,BAAI/bge-base-en-v1.5,SemEval STS 2015 - Semantic similarity:,False
790,0.779786,STS15,BAAI/bge-base-en-v1.5,Similarity score between texts:,False
791,0.31634,MIRACLRetrievalHardNegatives.v2,BAAI/bge-base-en-v1.5,Encode for retrieval in eng:,False
792,0.756402,STS15,BAAI/bge-base-en-v1.5,Text pair similarity assessment:,False
793,0.814,FEVERHardNegatives,BAAI/bge-base-en-v1.5,Retrieve relevant passage:,False
794,0.794342,STS14,BAAI/bge-base-en-v1.5,STS 2014: compare the two sentences:,False
795,0.671677,STS22.v2,BAAI/bge-base-en-v1.5,Encode for semantic matching:,False
796,0.675225,AmazonCounterfactualClassification,BAAI/bge-base-en-v1.5,Text classification (eng) – Amazon reviews:,False
798,0.904032,ImdbClassification,BAAI/bge-base-en-v1.5,Classify the following text:,False
799,0.779779,STS15,BAAI/bge-base-en-v1.5,Similarity between sentences in eng (SemEval STS 2015):,False
800,0.371319,MedrxivClusteringP2P.v2,BAAI/bge-base-en-v1.5,Cluster representation:,False
801,0.655223,STS14,BAAI/bge-base-en-v1.5,Similarity score between texts:,False
802,0.893652,ImdbClassification,BAAI/bge-base-en-v1.5,Assign a label to the text in eng – Large Movie Review Dataset:,False
803,0.34803,Touche2020Retrieval.v3,BAAI/bge-base-en-v1.5,Query (eng) for retrieval:,False
804,0.438815,MasakhaNEWSClusteringS2S,BAAI/bge-base-en-v1.5,Cluster representation for news headlines:,False
805,0.726426,AmazonCounterfactualClassification,BAAI/bge-base-en-v1.5,Predict the label for the provided sentence:,False
807,0.673407,STS22.v2,BAAI/bge-base-en-v1.5,Compute similarity in eng for SemEval 2022 Task 8 pairs:,False
808,0.365654,MedrxivClusteringP2P.v2,BAAI/bge-base-en-v1.5,Clustering input:,False
809,0.733183,AmazonCounterfactualClassification,BAAI/bge-base-en-v1.5,Classify the following text:,False
811,0.56522,StackExchangeClustering.v2,BAAI/bge-base-en-v1.5,Clustering input (eng):,False
812,0.29689,Touche2020Retrieval.v3,BAAI/bge-base-en-v1.5,Search (eng) query for retrieval task:,False
813,0.492188,TweetSentimentClassification,BAAI/bge-base-en-v1.5,Predict sentiment for the tweet:,False
814,0.548626,StackExchangeClustering.v2,BAAI/bge-base-en-v1.5,Group similar texts:,False
815,0.551608,StackExchangeClustering.v2,BAAI/bge-base-en-v1.5,"Assign each title to a cluster, language eng:",False
816,0.79498,FEVERHardNegatives,BAAI/bge-base-en-v1.5,Query (eng) for retrieval:,False
817,0.912268,ImdbClassification,BAAI/bge-base-en-v1.5,Label this movie review:,False
818,0.705405,AmazonCounterfactualClassification,BAAI/bge-base-en-v1.5,Determine the class for the given passage:,False
820,0.8329,STS15,BAAI/bge-base-en-v1.5,Query similarity:,False
821,0.66827,FEVERHardNegatives,BAAI/bge-base-en-v1.5,Text to be used in retrieval:,False
822,0.751185,STS15,BAAI/bge-base-en-v1.5,Measure semantic similarity:,False
823,0.670721,STS22.v2,BAAI/bge-base-en-v1.5,eng: measure semantic similarity of news article pair (SemEval 2022 Task 8):,False
824,0.704955,AmazonCounterfactualClassification,BAAI/bge-base-en-v1.5,Predict the class:,False
826,0.70792,FEVERHardNegatives,BAAI/bge-base-en-v1.5,Passage retrieval input:,False
827,0.366694,MedrxivClusteringP2P.v2,BAAI/bge-base-en-v1.5,Assign to a cluster:,False
828,0.37488,MIRACLRetrievalHardNegatives.v2,BAAI/bge-base-en-v1.5,Encode this MIRACL query for retrieval:,False
829,0.910136,ImdbClassification,BAAI/bge-base-en-v1.5,Predict the class for the following review:,False
830,0.7674,FEVERHardNegatives,BAAI/bge-base-en-v1.5,Encode this FEVER claim in eng for retrieval:,False
831,0.482595,MasakhaNEWSClusteringS2S,BAAI/bge-base-en-v1.5,Group similar news headlines (MasakhaNEWS) in eng:,False
832,0.40651,MIRACLRetrievalHardNegatives.v2,BAAI/bge-base-en-v1.5,Query for retrieval in eng:,False
833,0.41606,MIRACLRetrievalHardNegatives.v2,BAAI/bge-base-en-v1.5,Retrieve relevant documents for the following query:,False
834,0.26808,Touche2020Retrieval.v3,BAAI/bge-base-en-v1.5,Encode this input for retrieval:,False
835,0.74156,FEVERHardNegatives,BAAI/bge-base-en-v1.5,Retrieve relevant documents for the given claim:,False
836,0.567578,TweetSentimentClassification,KaLM-Embedding/KaLM-embedding-multilingual-mini-instruct-v2.5,Label this example:,False
837,0.558289,MasakhaNEWSClusteringS2S,KaLM-Embedding/KaLM-embedding-multilingual-mini-instruct-v2.5,Assign to a cluster:,False
838,0.953003,AmazonCounterfactualClassification,KaLM-Embedding/KaLM-embedding-multilingual-mini-instruct-v2.5,Assign a counterfactual detection label:,False
840,0.85724,FEVERHardNegatives,KaLM-Embedding/KaLM-embedding-multilingual-mini-instruct-v2.5,Search representation for retrieval:,False
841,0.605503,MasakhaNEWSClusteringS2S,KaLM-Embedding/KaLM-embedding-multilingual-mini-instruct-v2.5,MasakhaNEWS headline clustering input:,False
842,0.925676,AmazonCounterfactualClassification,KaLM-Embedding/KaLM-embedding-multilingual-mini-instruct-v2.5,Classify this Amazon review pair (eng):,False
844,0.59113,Touche2020Retrieval.v3,KaLM-Embedding/KaLM-embedding-multilingual-mini-instruct-v2.5,Argument retrieval input:,False
845,0.641608,MasakhaNEWSClusteringS2S,KaLM-Embedding/KaLM-embedding-multilingual-mini-instruct-v2.5,"Cluster representation for MasakhaNEWS headlines, language eng:",False
846,0.85045,AmazonCounterfactualClassification,KaLM-Embedding/KaLM-embedding-multilingual-mini-instruct-v2.5,"Assign a category to the given review pair, language eng:",False
848,0.944548,ImdbClassification,KaLM-Embedding/KaLM-embedding-multilingual-mini-instruct-v2.5,Determine the class for the given passage:,False
849,0.95644,ImdbClassification,KaLM-Embedding/KaLM-embedding-multilingual-mini-instruct-v2.5,Category prediction for the review:,False
850,0.58054,MasakhaNEWSClusteringS2S,KaLM-Embedding/KaLM-embedding-multilingual-mini-instruct-v2.5,Group similar MasakhaNEWS headlines:,False
851,0.380921,MedrxivClusteringP2P.v2,KaLM-Embedding/KaLM-embedding-multilingual-mini-instruct-v2.5,Assign to a cluster (eng):,False
852,0.946416,ImdbClassification,KaLM-Embedding/KaLM-embedding-multilingual-mini-instruct-v2.5,Predict the label for the provided sentence:,False
853,0.50357,MIRACLRetrievalHardNegatives.v2,KaLM-Embedding/KaLM-embedding-multilingual-mini-instruct-v2.5,Encode this input for retrieval:,False
854,0.688943,STS22.v2,KaLM-Embedding/KaLM-embedding-multilingual-mini-instruct-v2.5,Text pair similarity assessment:,False
855,0.889189,AmazonCounterfactualClassification,KaLM-Embedding/KaLM-embedding-multilingual-mini-instruct-v2.5,Label the following Amazon review:,False
857,0.60537,Touche2020Retrieval.v3,KaLM-Embedding/KaLM-embedding-multilingual-mini-instruct-v2.5,Search for relevant argument passage:,False
858,0.954612,ImdbClassification,KaLM-Embedding/KaLM-embedding-multilingual-mini-instruct-v2.5,Encode and classify the following eng snippet from Large Movie Review Dataset:,False
859,0.843994,AmazonCounterfactualClassification,KaLM-Embedding/KaLM-embedding-multilingual-mini-instruct-v2.5,Assign a category to this input:,False
861,0.63721,Touche2020Retrieval.v3,KaLM-Embedding/KaLM-embedding-multilingual-mini-instruct-v2.5,Query for retrieval:,False
862,0.854841,STS15,KaLM-Embedding/KaLM-embedding-multilingual-mini-instruct-v2.5,Assess semantic similarity in eng:,False
863,0.688875,STS22.v2,KaLM-Embedding/KaLM-embedding-multilingual-mini-instruct-v2.5,Compare similarity between two news texts:,False
864,0.49689,MIRACLRetrievalHardNegatives.v2,KaLM-Embedding/KaLM-embedding-multilingual-mini-instruct-v2.5,MIRACL retrieval query in eng:,False
865,0.61201,Touche2020Retrieval.v3,KaLM-Embedding/KaLM-embedding-multilingual-mini-instruct-v2.5,Text to be used in retrieval:,False
866,0.586684,MasakhaNEWSClusteringS2S,KaLM-Embedding/KaLM-embedding-multilingual-mini-instruct-v2.5,Cluster these MasakhaNEWS headlines:,False
867,0.559286,MasakhaNEWSClusteringS2S,KaLM-Embedding/KaLM-embedding-multilingual-mini-instruct-v2.5,Clustering input:,False
868,0.357319,MedrxivClusteringP2P.v2,KaLM-Embedding/KaLM-embedding-multilingual-mini-instruct-v2.5,Group similar texts (eng):,False
869,0.865794,STS15,KaLM-Embedding/KaLM-embedding-multilingual-mini-instruct-v2.5,Similarity score:,False
870,0.83852,FEVERHardNegatives,KaLM-Embedding/KaLM-embedding-multilingual-mini-instruct-v2.5,Encode this input for retrieval:,False
871,0.588428,MasakhaNEWSClusteringS2S,KaLM-Embedding/KaLM-embedding-multilingual-mini-instruct-v2.5,Cluster this text:,False
872,0.383607,MedrxivClusteringP2P.v2,KaLM-Embedding/KaLM-embedding-multilingual-mini-instruct-v2.5,Encode for clustering (eng):,False
873,0.688281,TweetSentimentClassification,KaLM-Embedding/KaLM-embedding-multilingual-mini-instruct-v2.5,Label the tweet's sentiment:,False
874,0.769154,STS14,KaLM-Embedding/KaLM-embedding-multilingual-mini-instruct-v2.5,Encode for similarity in eng - SemEval STS 2014:,False
875,0.566619,MasakhaNEWSClusteringS2S,KaLM-Embedding/KaLM-embedding-multilingual-mini-instruct-v2.5,Cluster representation:,False
876,0.31468,Touche2020Retrieval.v3,KaLM-Embedding/KaLM-embedding-multilingual-mini-instruct-v2.5,Encode (eng) for Touché Task 1: Argument Retrieval for Controversial Questions:,False
877,0.949612,ImdbClassification,KaLM-Embedding/KaLM-embedding-multilingual-mini-instruct-v2.5,Assign a category to this input:,False
878,0.659225,StackExchangeClustering.v2,KaLM-Embedding/KaLM-embedding-multilingual-mini-instruct-v2.5,Assign to a cluster:,False
879,0.389122,MedrxivClusteringP2P.v2,KaLM-Embedding/KaLM-embedding-multilingual-mini-instruct-v2.5,Cluster this text:,False
880,0.700517,STS22.v2,KaLM-Embedding/KaLM-embedding-multilingual-mini-instruct-v2.5,Semantic similarity of multilingual articles:,False
881,0.697955,StackExchangeClustering.v2,KaLM-Embedding/KaLM-embedding-multilingual-mini-instruct-v2.5,Assign each title to a cluster:,False
882,0.763914,STS14,KaLM-Embedding/KaLM-embedding-multilingual-mini-instruct-v2.5,Encode this pair for similarity measurement:,False
883,0.636719,TweetSentimentClassification,KaLM-Embedding/KaLM-embedding-multilingual-mini-instruct-v2.5,Sentiment analysis label:,False
884,0.619554,MasakhaNEWSClusteringS2S,KaLM-Embedding/KaLM-embedding-multilingual-mini-instruct-v2.5,Eng: perform clustering on MasakhaNEWS news headlines:,False
885,0.688984,STS22.v2,KaLM-Embedding/KaLM-embedding-multilingual-mini-instruct-v2.5,Similarity score for article pair:,False
886,0.423007,MedrxivClusteringP2P.v2,KaLM-Embedding/KaLM-embedding-multilingual-mini-instruct-v2.5,Cluster these medrxiv titles+abstracts (eng):,False
887,0.534375,TweetSentimentClassification,KaLM-Embedding/KaLM-embedding-multilingual-mini-instruct-v2.5,Determine the class for the given passage:,False
888,0.730621,STS14,KaLM-Embedding/KaLM-embedding-multilingual-mini-instruct-v2.5,"Assess semantic similarity, language eng, dataset SemEval STS 2014:",False
889,0.761679,STS14,KaLM-Embedding/KaLM-embedding-multilingual-mini-instruct-v2.5,"Compute text pair similarity (eng, SemEval STS 2014):",False
890,0.63672,Touche2020Retrieval.v3,KaLM-Embedding/KaLM-embedding-multilingual-mini-instruct-v2.5,Retrieve relevant passage:,False
891,0.722577,StackExchangeClustering.v2,KaLM-Embedding/KaLM-embedding-multilingual-mini-instruct-v2.5,Group the titles into clusters:,False
892,0.649135,StackExchangeClustering.v2,KaLM-Embedding/KaLM-embedding-multilingual-mini-instruct-v2.5,Cluster representation:,False
893,0.850203,STS15,KaLM-Embedding/KaLM-embedding-multilingual-mini-instruct-v2.5,Encode pair for semantic-similarity in eng:,False
894,0.55554,MIRACLRetrievalHardNegatives.v2,KaLM-Embedding/KaLM-embedding-multilingual-mini-instruct-v2.5,Search for documents using this query:,False
895,0.600781,TweetSentimentClassification,KaLM-Embedding/KaLM-embedding-multilingual-mini-instruct-v2.5,Classify the following text:,False
896,0.82774,FEVERHardNegatives,KaLM-Embedding/KaLM-embedding-multilingual-mini-instruct-v2.5,Passage (eng) for retrieval task:,False
897,0.60275,Touche2020Retrieval.v3,KaLM-Embedding/KaLM-embedding-multilingual-mini-instruct-v2.5,Query for Touché Retrieval:,False
898,0.842808,STS15,KaLM-Embedding/KaLM-embedding-multilingual-mini-instruct-v2.5,"Measure text similarity in eng, SemEval STS 2015:",False
899,0.757225,STS14,KaLM-Embedding/KaLM-embedding-multilingual-mini-instruct-v2.5,"Similarity score request, eng, SemEval STS 2014:",False
900,0.690674,STS22.v2,KaLM-Embedding/KaLM-embedding-multilingual-mini-instruct-v2.5,"In eng, assess similarity of news article pair – SemEval 2022 Task 8:",False
901,0.64655,StackExchangeClustering.v2,KaLM-Embedding/KaLM-embedding-multilingual-mini-instruct-v2.5,"Encode for clustering, language eng:",False
902,0.694822,STS22.v2,KaLM-Embedding/KaLM-embedding-multilingual-mini-instruct-v2.5,Measure semantic similarity:,False
903,0.797348,STS14,KaLM-Embedding/KaLM-embedding-multilingual-mini-instruct-v2.5,Encode for semantic matching:,False
904,0.913363,AmazonCounterfactualClassification,KaLM-Embedding/KaLM-embedding-multilingual-mini-instruct-v2.5,Classify this review pair:,False
906,0.84222,FEVERHardNegatives,KaLM-Embedding/KaLM-embedding-multilingual-mini-instruct-v2.5,Search representation (eng) for retrieval:,False
907,0.776579,STS14,KaLM-Embedding/KaLM-embedding-multilingual-mini-instruct-v2.5,Measure semantic similarity:,False
908,0.51585,MIRACLRetrievalHardNegatives.v2,KaLM-Embedding/KaLM-embedding-multilingual-mini-instruct-v2.5,Query (retrieval task):,False
909,0.951802,AmazonCounterfactualClassification,KaLM-Embedding/KaLM-embedding-multilingual-mini-instruct-v2.5,Label the following counterfactual detection example in eng:,False
911,0.925976,AmazonCounterfactualClassification,KaLM-Embedding/KaLM-embedding-multilingual-mini-instruct-v2.5,Determine the classification for this example:,False
913,0.7,TweetSentimentClassification,KaLM-Embedding/KaLM-embedding-multilingual-mini-instruct-v2.5,Label this tweet with its sentiment (eng):,False
914,0.659766,TweetSentimentClassification,KaLM-Embedding/KaLM-embedding-multilingual-mini-instruct-v2.5,Sentiment label prediction (eng):,False
915,0.873317,STS15,KaLM-Embedding/KaLM-embedding-multilingual-mini-instruct-v2.5,Encode for semantic matching:,False
916,0.703516,TweetSentimentClassification,KaLM-Embedding/KaLM-embedding-multilingual-mini-instruct-v2.5,Classify the sentiment of this tweet:,False
917,0.57006,Touche2020Retrieval.v3,KaLM-Embedding/KaLM-embedding-multilingual-mini-instruct-v2.5,Encode this query for argument retrieval:,False
918,0.84793,FEVERHardNegatives,KaLM-Embedding/KaLM-embedding-multilingual-mini-instruct-v2.5,Encode this claim for retrieval:,False
919,0.691336,STS22.v2,KaLM-Embedding/KaLM-embedding-multilingual-mini-instruct-v2.5,Similarity score between texts:,False
920,0.957972,ImdbClassification,KaLM-Embedding/KaLM-embedding-multilingual-mini-instruct-v2.5,"Classify this review (eng, Large Movie Review Dataset):",False
921,0.793249,STS14,KaLM-Embedding/KaLM-embedding-multilingual-mini-instruct-v2.5,Similarity score for the following texts:,False
922,0.61855,Touche2020Retrieval.v3,KaLM-Embedding/KaLM-embedding-multilingual-mini-instruct-v2.5,Search representation:,False
923,0.84615,STS15,KaLM-Embedding/KaLM-embedding-multilingual-mini-instruct-v2.5,Semantic similarity in eng (SemEval STS 2015):,False
924,0.698993,STS22.v2,KaLM-Embedding/KaLM-embedding-multilingual-mini-instruct-v2.5,Semantic similarity (eng) – SemEval 2022 Task 8 News:,False
925,0.944895,AmazonCounterfactualClassification,KaLM-Embedding/KaLM-embedding-multilingual-mini-instruct-v2.5,Label this example:,False
927,0.419647,MedrxivClusteringP2P.v2,KaLM-Embedding/KaLM-embedding-multilingual-mini-instruct-v2.5,Cluster the medrxiv title and abstract:,False
928,0.914715,AmazonCounterfactualClassification,KaLM-Embedding/KaLM-embedding-multilingual-mini-instruct-v2.5,"Predict the label for this instance, eng:",False
930,0.691406,TweetSentimentClassification,KaLM-Embedding/KaLM-embedding-multilingual-mini-instruct-v2.5,Assign sentiment category to the following tweet:,False
931,0.796484,STS14,KaLM-Embedding/KaLM-embedding-multilingual-mini-instruct-v2.5,Assess textual similarity:,False
932,0.957868,ImdbClassification,KaLM-Embedding/KaLM-embedding-multilingual-mini-instruct-v2.5,Assign a label to this review:,False
933,0.681513,StackExchangeClustering.v2,KaLM-Embedding/KaLM-embedding-multilingual-mini-instruct-v2.5,Cluster this text:,False
934,0.803071,STS14,KaLM-Embedding/KaLM-embedding-multilingual-mini-instruct-v2.5,Query-Document similarity:,False
935,0.49219,MIRACLRetrievalHardNegatives.v2,KaLM-Embedding/KaLM-embedding-multilingual-mini-instruct-v2.5,Retrieve relevant text in eng:,False
936,0.535547,TweetSentimentClassification,KaLM-Embedding/KaLM-embedding-multilingual-mini-instruct-v2.5,Assign a category to this input:,False
937,0.52644,MIRACLRetrievalHardNegatives.v2,KaLM-Embedding/KaLM-embedding-multilingual-mini-instruct-v2.5,Text to be used in retrieval:,False
938,0.689808,STS22.v2,KaLM-Embedding/KaLM-embedding-multilingual-mini-instruct-v2.5,Query-Document similarity:,False
939,0.55372,Touche2020Retrieval.v3,KaLM-Embedding/KaLM-embedding-multilingual-mini-instruct-v2.5,Retrieve arguments for controversial question:,False
940,0.762539,StackExchangeClustering.v2,KaLM-Embedding/KaLM-embedding-multilingual-mini-instruct-v2.5,Cluster these stackexchange titles (eng):,False
941,0.54478,MIRACLRetrievalHardNegatives.v2,KaLM-Embedding/KaLM-embedding-multilingual-mini-instruct-v2.5,Query for retrieval:,False
942,0.51874,MIRACLRetrievalHardNegatives.v2,KaLM-Embedding/KaLM-embedding-multilingual-mini-instruct-v2.5,MIRACL retrieval query:,False
943,0.653587,StackExchangeClustering.v2,KaLM-Embedding/KaLM-embedding-multilingual-mini-instruct-v2.5,Clustering input:,False
944,0.592773,MasakhaNEWSClusteringS2S,KaLM-Embedding/KaLM-embedding-multilingual-mini-instruct-v2.5,Cluster MasakhaNEWS headlines in eng:,False
945,0.551953,TweetSentimentClassification,KaLM-Embedding/KaLM-embedding-multilingual-mini-instruct-v2.5,Predict the label for the provided sentence:,False
946,0.692359,STS22.v2,KaLM-Embedding/KaLM-embedding-multilingual-mini-instruct-v2.5,News article pair similarity:,False
947,0.7077,StackExchangeClustering.v2,KaLM-Embedding/KaLM-embedding-multilingual-mini-instruct-v2.5,Create clusters for the given titles:,False
948,0.404171,MedrxivClusteringP2P.v2,KaLM-Embedding/KaLM-embedding-multilingual-mini-instruct-v2.5,Cluster representation for medrxiv titles+abstracts:,False
949,0.586843,MasakhaNEWSClusteringS2S,KaLM-Embedding/KaLM-embedding-multilingual-mini-instruct-v2.5,"Assign each MasakhaNEWS article title to a cluster, eng:",False
950,0.85277,FEVERHardNegatives,KaLM-Embedding/KaLM-embedding-multilingual-mini-instruct-v2.5,Search representation:,False
951,0.536,MIRACLRetrievalHardNegatives.v2,KaLM-Embedding/KaLM-embedding-multilingual-mini-instruct-v2.5,Search representation:,False
952,0.870845,STS15,KaLM-Embedding/KaLM-embedding-multilingual-mini-instruct-v2.5,Encode for semantic similarity:,False
953,0.51416,MIRACLRetrievalHardNegatives.v2,KaLM-Embedding/KaLM-embedding-multilingual-mini-instruct-v2.5,Search passage for MIRACL in eng:,False
954,0.55275,MIRACLRetrievalHardNegatives.v2,KaLM-Embedding/KaLM-embedding-multilingual-mini-instruct-v2.5,Retrieve relevant passage:,False
955,0.956452,ImdbClassification,KaLM-Embedding/KaLM-embedding-multilingual-mini-instruct-v2.5,Category prediction for the following eng review (Large Movie Review Dataset):,False
956,0.950128,ImdbClassification,KaLM-Embedding/KaLM-embedding-multilingual-mini-instruct-v2.5,Label this example:,False
957,0.84739,FEVERHardNegatives,KaLM-Embedding/KaLM-embedding-multilingual-mini-instruct-v2.5,Retrieve relevant documents (eng):,False
958,0.691044,STS22.v2,KaLM-Embedding/KaLM-embedding-multilingual-mini-instruct-v2.5,Evaluate semantic similarity (eng) on filtered SemEval 2022 Task 8 data:,False
959,0.55538,Touche2020Retrieval.v3,KaLM-Embedding/KaLM-embedding-multilingual-mini-instruct-v2.5,Passage (eng) for argument retrieval:,False
960,0.619922,TweetSentimentClassification,KaLM-Embedding/KaLM-embedding-multilingual-mini-instruct-v2.5,Classify the following tweet in eng:,False
961,0.666016,TweetSentimentClassification,KaLM-Embedding/KaLM-embedding-multilingual-mini-instruct-v2.5,"Assign a sentiment category to this text, eng:",False
962,0.657422,TweetSentimentClassification,KaLM-Embedding/KaLM-embedding-multilingual-mini-instruct-v2.5,eng sentiment analysis – classify:,False
963,0.957188,ImdbClassification,KaLM-Embedding/KaLM-embedding-multilingual-mini-instruct-v2.5,Label this movie review in eng (dataset: Large Movie Review Dataset):,False
964,0.958344,ImdbClassification,KaLM-Embedding/KaLM-embedding-multilingual-mini-instruct-v2.5,Classify the movie review:,False
965,0.653279,StackExchangeClustering.v2,KaLM-Embedding/KaLM-embedding-multilingual-mini-instruct-v2.5,Group similar titles in eng:,False
966,0.777895,StackExchangeClustering.v2,KaLM-Embedding/KaLM-embedding-multilingual-mini-instruct-v2.5,Cluster these StackExchange titles:,False
967,0.79712,STS14,KaLM-Embedding/KaLM-embedding-multilingual-mini-instruct-v2.5,Semantic similarity query:,False
968,0.5611,Touche2020Retrieval.v3,KaLM-Embedding/KaLM-embedding-multilingual-mini-instruct-v2.5,Retrieve (eng) relevant argument for Touché Task 1:,False
969,0.354044,MedrxivClusteringP2P.v2,KaLM-Embedding/KaLM-embedding-multilingual-mini-instruct-v2.5,Group similar texts:,False
970,0.400288,MedrxivClusteringP2P.v2,KaLM-Embedding/KaLM-embedding-multilingual-mini-instruct-v2.5,Assign this medrxiv entry to a cluster:,False
971,0.377578,MedrxivClusteringP2P.v2,KaLM-Embedding/KaLM-embedding-multilingual-mini-instruct-v2.5,Clustering input (eng):,False
972,0.499755,MasakhaNEWSClusteringS2S,KaLM-Embedding/KaLM-embedding-multilingual-mini-instruct-v2.5,Group similar texts:,False
973,0.883098,STS15,KaLM-Embedding/KaLM-embedding-multilingual-mini-instruct-v2.5,Query-Document similarity:,False
974,0.404063,MedrxivClusteringP2P.v2,KaLM-Embedding/KaLM-embedding-multilingual-mini-instruct-v2.5,Group similar medrxiv texts into one of 51 categories:,False
975,0.85737,FEVERHardNegatives,KaLM-Embedding/KaLM-embedding-multilingual-mini-instruct-v2.5,Query for retrieval:,False
976,0.769364,STS14,KaLM-Embedding/KaLM-embedding-multilingual-mini-instruct-v2.5,Text pair similarity assessment:,False
977,0.687339,StackExchangeClustering.v2,KaLM-Embedding/KaLM-embedding-multilingual-mini-instruct-v2.5,Cluster representation for titles:,False
978,0.402273,MedrxivClusteringP2P.v2,KaLM-Embedding/KaLM-embedding-multilingual-mini-instruct-v2.5,Embedding for clustering of medrxiv abstracts:,False
979,0.574151,MasakhaNEWSClusteringS2S,KaLM-Embedding/KaLM-embedding-multilingual-mini-instruct-v2.5,Assign each news article title to a cluster:,False
980,0.774007,STS14,KaLM-Embedding/KaLM-embedding-multilingual-mini-instruct-v2.5,"Semantic similarity (eng, SemEval STS 2014):",False
981,0.851561,STS15,KaLM-Embedding/KaLM-embedding-multilingual-mini-instruct-v2.5,SemEval STS 2015 - Semantic similarity:,False
982,0.868574,STS15,KaLM-Embedding/KaLM-embedding-multilingual-mini-instruct-v2.5,Similarity score between texts:,False
983,0.50193,MIRACLRetrievalHardNegatives.v2,KaLM-Embedding/KaLM-embedding-multilingual-mini-instruct-v2.5,Encode for retrieval in eng:,False
984,0.858575,STS15,KaLM-Embedding/KaLM-embedding-multilingual-mini-instruct-v2.5,Text pair similarity assessment:,False
985,0.8629,FEVERHardNegatives,KaLM-Embedding/KaLM-embedding-multilingual-mini-instruct-v2.5,Retrieve relevant passage:,False
986,0.787341,STS14,KaLM-Embedding/KaLM-embedding-multilingual-mini-instruct-v2.5,STS 2014: compare the two sentences:,False
987,0.68801,STS22.v2,KaLM-Embedding/KaLM-embedding-multilingual-mini-instruct-v2.5,Encode for semantic matching:,False
988,0.948949,AmazonCounterfactualClassification,KaLM-Embedding/KaLM-embedding-multilingual-mini-instruct-v2.5,Text classification (eng) – Amazon reviews:,False
990,0.956016,ImdbClassification,KaLM-Embedding/KaLM-embedding-multilingual-mini-instruct-v2.5,Classify the following text:,False
991,0.851897,STS15,KaLM-Embedding/KaLM-embedding-multilingual-mini-instruct-v2.5,Similarity between sentences in eng (SemEval STS 2015):,False
992,0.378099,MedrxivClusteringP2P.v2,KaLM-Embedding/KaLM-embedding-multilingual-mini-instruct-v2.5,Cluster representation:,False
993,0.793266,STS14,KaLM-Embedding/KaLM-embedding-multilingual-mini-instruct-v2.5,Similarity score between texts:,False
994,0.95422,ImdbClassification,KaLM-Embedding/KaLM-embedding-multilingual-mini-instruct-v2.5,Assign a label to the text in eng – Large Movie Review Dataset:,False
995,0.59771,Touche2020Retrieval.v3,KaLM-Embedding/KaLM-embedding-multilingual-mini-instruct-v2.5,Query (eng) for retrieval:,False
996,0.596016,MasakhaNEWSClusteringS2S,KaLM-Embedding/KaLM-embedding-multilingual-mini-instruct-v2.5,Cluster representation for news headlines:,False
997,0.896547,AmazonCounterfactualClassification,KaLM-Embedding/KaLM-embedding-multilingual-mini-instruct-v2.5,Predict the label for the provided sentence:,False
999,0.690161,STS22.v2,KaLM-Embedding/KaLM-embedding-multilingual-mini-instruct-v2.5,Compute similarity in eng for SemEval 2022 Task 8 pairs:,False
1000,0.381603,MedrxivClusteringP2P.v2,KaLM-Embedding/KaLM-embedding-multilingual-mini-instruct-v2.5,Clustering input:,False
1001,0.91036,AmazonCounterfactualClassification,KaLM-Embedding/KaLM-embedding-multilingual-mini-instruct-v2.5,Classify the following text:,False
1003,0.636629,StackExchangeClustering.v2,KaLM-Embedding/KaLM-embedding-multilingual-mini-instruct-v2.5,Clustering input (eng):,False
1004,0.63329,Touche2020Retrieval.v3,KaLM-Embedding/KaLM-embedding-multilingual-mini-instruct-v2.5,Search (eng) query for retrieval task:,False
1005,0.693359,TweetSentimentClassification,KaLM-Embedding/KaLM-embedding-multilingual-mini-instruct-v2.5,Predict sentiment for the tweet:,False
1006,0.555864,StackExchangeClustering.v2,KaLM-Embedding/KaLM-embedding-multilingual-mini-instruct-v2.5,Group similar texts:,False
1007,0.703572,StackExchangeClustering.v2,KaLM-Embedding/KaLM-embedding-multilingual-mini-instruct-v2.5,"Assign each title to a cluster, language eng:",False
1008,0.82936,FEVERHardNegatives,KaLM-Embedding/KaLM-embedding-multilingual-mini-instruct-v2.5,Query (eng) for retrieval:,False
1009,0.958064,ImdbClassification,KaLM-Embedding/KaLM-embedding-multilingual-mini-instruct-v2.5,Label this movie review:,False
1010,0.872372,AmazonCounterfactualClassification,KaLM-Embedding/KaLM-embedding-multilingual-mini-instruct-v2.5,Determine the class for the given passage:,False
1012,0.880894,STS15,KaLM-Embedding/KaLM-embedding-multilingual-mini-instruct-v2.5,Query similarity:,False
1013,0.84363,FEVERHardNegatives,KaLM-Embedding/KaLM-embedding-multilingual-mini-instruct-v2.5,Text to be used in retrieval:,False
1014,0.860212,STS15,KaLM-Embedding/KaLM-embedding-multilingual-mini-instruct-v2.5,Measure semantic similarity:,False
1015,0.692268,STS22.v2,KaLM-Embedding/KaLM-embedding-multilingual-mini-instruct-v2.5,eng: measure semantic similarity of news article pair (SemEval 2022 Task 8):,False
1016,0.914565,AmazonCounterfactualClassification,KaLM-Embedding/KaLM-embedding-multilingual-mini-instruct-v2.5,Predict the class:,False
1018,0.85145,FEVERHardNegatives,KaLM-Embedding/KaLM-embedding-multilingual-mini-instruct-v2.5,Passage retrieval input:,False
1019,0.379281,MedrxivClusteringP2P.v2,KaLM-Embedding/KaLM-embedding-multilingual-mini-instruct-v2.5,Assign to a cluster:,False
1020,0.50592,MIRACLRetrievalHardNegatives.v2,KaLM-Embedding/KaLM-embedding-multilingual-mini-instruct-v2.5,Encode this MIRACL query for retrieval:,False
1021,0.95576,ImdbClassification,KaLM-Embedding/KaLM-embedding-multilingual-mini-instruct-v2.5,Predict the class for the following review:,False
1022,0.80742,FEVERHardNegatives,KaLM-Embedding/KaLM-embedding-multilingual-mini-instruct-v2.5,Encode this FEVER claim in eng for retrieval:,False
1023,0.602628,MasakhaNEWSClusteringS2S,KaLM-Embedding/KaLM-embedding-multilingual-mini-instruct-v2.5,Group similar news headlines (MasakhaNEWS) in eng:,False
1024,0.51301,MIRACLRetrievalHardNegatives.v2,KaLM-Embedding/KaLM-embedding-multilingual-mini-instruct-v2.5,Query for retrieval in eng:,False
1025,0.55338,MIRACLRetrievalHardNegatives.v2,KaLM-Embedding/KaLM-embedding-multilingual-mini-instruct-v2.5,Retrieve relevant documents for the following query:,False
1026,0.55897,Touche2020Retrieval.v3,KaLM-Embedding/KaLM-embedding-multilingual-mini-instruct-v2.5,Encode this input for retrieval:,False
1027,0.85383,FEVERHardNegatives,KaLM-Embedding/KaLM-embedding-multilingual-mini-instruct-v2.5,Retrieve relevant documents for the given claim:,False
1028,0.513672,TweetSentimentClassification,BAAI/bge-small-en-v1.5,Label this example:,False
1029,0.474481,MasakhaNEWSClusteringS2S,BAAI/bge-small-en-v1.5,Assign to a cluster:,False
1030,0.645345,AmazonCounterfactualClassification,BAAI/bge-small-en-v1.5,Assign a counterfactual detection label:,False
1032,0.62689,FEVERHardNegatives,BAAI/bge-small-en-v1.5,Search representation for retrieval:,False
1033,0.268163,MasakhaNEWSClusteringS2S,BAAI/bge-small-en-v1.5,MasakhaNEWS headline clustering input:,False
1034,0.691141,AmazonCounterfactualClassification,BAAI/bge-small-en-v1.5,Classify this Amazon review pair (eng):,False
1036,0.1389,Touche2020Retrieval.v3,BAAI/bge-small-en-v1.5,Argument retrieval input:,False
1037,0.334967,MasakhaNEWSClusteringS2S,BAAI/bge-small-en-v1.5,"Cluster representation for MasakhaNEWS headlines, language eng:",False
1038,0.628829,AmazonCounterfactualClassification,BAAI/bge-small-en-v1.5,"Assign a category to the given review pair, language eng:",False
1040,0.890296,ImdbClassification,BAAI/bge-small-en-v1.5,Determine the class for the given passage:,False
1041,0.908964,ImdbClassification,BAAI/bge-small-en-v1.5,Category prediction for the review:,False
1042,0.340365,MasakhaNEWSClusteringS2S,BAAI/bge-small-en-v1.5,Group similar MasakhaNEWS headlines:,False
1043,0.362608,MedrxivClusteringP2P.v2,BAAI/bge-small-en-v1.5,Assign to a cluster (eng):,False
1044,0.900816,ImdbClassification,BAAI/bge-small-en-v1.5,Predict the label for the provided sentence:,False
1045,0.3208,MIRACLRetrievalHardNegatives.v2,BAAI/bge-small-en-v1.5,Encode this input for retrieval:,False
1046,0.654503,STS22.v2,BAAI/bge-small-en-v1.5,Text pair similarity assessment:,False
1047,0.681982,AmazonCounterfactualClassification,BAAI/bge-small-en-v1.5,Label the following Amazon review:,False
1049,0.42521,Touche2020Retrieval.v3,BAAI/bge-small-en-v1.5,Search for relevant argument passage:,False
1050,0.903812,ImdbClassification,BAAI/bge-small-en-v1.5,Encode and classify the following eng snippet from Large Movie Review Dataset:,False
1051,0.62027,AmazonCounterfactualClassification,BAAI/bge-small-en-v1.5,Assign a category to this input:,False
1053,0.34906,Touche2020Retrieval.v3,BAAI/bge-small-en-v1.5,Query for retrieval:,False
1054,0.737097,STS15,BAAI/bge-small-en-v1.5,Assess semantic similarity in eng:,False
1055,0.650979,STS22.v2,BAAI/bge-small-en-v1.5,Compare similarity between two news texts:,False
1056,0.30251,MIRACLRetrievalHardNegatives.v2,BAAI/bge-small-en-v1.5,MIRACL retrieval query in eng:,False
1057,0.25309,Touche2020Retrieval.v3,BAAI/bge-small-en-v1.5,Text to be used in retrieval:,False
1058,0.368711,MasakhaNEWSClusteringS2S,BAAI/bge-small-en-v1.5,Cluster these MasakhaNEWS headlines:,False
1059,0.217745,MasakhaNEWSClusteringS2S,BAAI/bge-small-en-v1.5,Clustering input:,False
1060,0.360378,MedrxivClusteringP2P.v2,BAAI/bge-small-en-v1.5,Group similar texts (eng):,False
1061,0.840127,STS15,BAAI/bge-small-en-v1.5,Similarity score:,False
1062,0.81066,FEVERHardNegatives,BAAI/bge-small-en-v1.5,Encode this input for retrieval:,False
1063,0.158886,MasakhaNEWSClusteringS2S,BAAI/bge-small-en-v1.5,Cluster this text:,False
1064,0.359526,MedrxivClusteringP2P.v2,BAAI/bge-small-en-v1.5,Encode for clustering (eng):,False
1065,0.502344,TweetSentimentClassification,BAAI/bge-small-en-v1.5,Label the tweet's sentiment:,False
1066,0.603327,STS14,BAAI/bge-small-en-v1.5,Encode for similarity in eng - SemEval STS 2014:,False
1067,0.172099,MasakhaNEWSClusteringS2S,BAAI/bge-small-en-v1.5,Cluster representation:,False
1068,0.02128,Touche2020Retrieval.v3,BAAI/bge-small-en-v1.5,Encode (eng) for Touché Task 1: Argument Retrieval for Controversial Questions:,False
1069,0.903708,ImdbClassification,BAAI/bge-small-en-v1.5,Assign a category to this input:,False
1070,0.537871,StackExchangeClustering.v2,BAAI/bge-small-en-v1.5,Assign to a cluster:,False
1071,0.360804,MedrxivClusteringP2P.v2,BAAI/bge-small-en-v1.5,Cluster this text:,False
1072,0.657831,STS22.v2,BAAI/bge-small-en-v1.5,Semantic similarity of multilingual articles:,False
1073,0.54008,StackExchangeClustering.v2,BAAI/bge-small-en-v1.5,Assign each title to a cluster:,False
1074,0.663133,STS14,BAAI/bge-small-en-v1.5,Encode this pair for similarity measurement:,False
1075,0.491797,TweetSentimentClassification,BAAI/bge-small-en-v1.5,Sentiment analysis label:,False
1076,0.248629,MasakhaNEWSClusteringS2S,BAAI/bge-small-en-v1.5,Eng: perform clustering on MasakhaNEWS news headlines:,False
1077,0.654701,STS22.v2,BAAI/bge-small-en-v1.5,Similarity score for article pair:,False
1078,0.359842,MedrxivClusteringP2P.v2,BAAI/bge-small-en-v1.5,Cluster these medrxiv titles+abstracts (eng):,False
1079,0.48125,TweetSentimentClassification,BAAI/bge-small-en-v1.5,Determine the class for the given passage:,False
1080,0.673527,STS14,BAAI/bge-small-en-v1.5,"Assess semantic similarity, language eng, dataset SemEval STS 2014:",False
1081,0.639015,STS14,BAAI/bge-small-en-v1.5,"Compute text pair similarity (eng, SemEval STS 2014):",False
1082,0.40794,Touche2020Retrieval.v3,BAAI/bge-small-en-v1.5,Retrieve relevant passage:,False
1083,0.554076,StackExchangeClustering.v2,BAAI/bge-small-en-v1.5,Group the titles into clusters:,False
1084,0.548801,StackExchangeClustering.v2,BAAI/bge-small-en-v1.5,Cluster representation:,False
1085,0.71851,STS15,BAAI/bge-small-en-v1.5,Encode pair for semantic-similarity in eng:,False
1086,0.40642,MIRACLRetrievalHardNegatives.v2,BAAI/bge-small-en-v1.5,Search for documents using this query:,False
1087,0.476172,TweetSentimentClassification,BAAI/bge-small-en-v1.5,Classify the following text:,False
1088,0.77183,FEVERHardNegatives,BAAI/bge-small-en-v1.5,Passage (eng) for retrieval task:,False
1089,0.26595,Touche2020Retrieval.v3,BAAI/bge-small-en-v1.5,Query for Touché Retrieval:,False
1090,0.673586,STS15,BAAI/bge-small-en-v1.5,"Measure text similarity in eng, SemEval STS 2015:",False
1091,0.71386,STS14,BAAI/bge-small-en-v1.5,"Similarity score request, eng, SemEval STS 2014:",False
1092,0.667761,STS22.v2,BAAI/bge-small-en-v1.5,"In eng, assess similarity of news article pair – SemEval 2022 Task 8:",False
1093,0.517166,StackExchangeClustering.v2,BAAI/bge-small-en-v1.5,"Encode for clustering, language eng:",False
1094,0.655133,STS22.v2,BAAI/bge-small-en-v1.5,Measure semantic similarity:,False
1095,0.592357,STS14,BAAI/bge-small-en-v1.5,Encode for semantic matching:,False
1096,0.695646,AmazonCounterfactualClassification,BAAI/bge-small-en-v1.5,Classify this review pair:,False
1098,0.72796,FEVERHardNegatives,BAAI/bge-small-en-v1.5,Search representation (eng) for retrieval:,False
1099,0.629896,STS14,BAAI/bge-small-en-v1.5,Measure semantic similarity:,False
1100,0.31091,MIRACLRetrievalHardNegatives.v2,BAAI/bge-small-en-v1.5,Query (retrieval task):,False
1101,0.678979,AmazonCounterfactualClassification,BAAI/bge-small-en-v1.5,Label the following counterfactual detection example in eng:,False
1103,0.671622,AmazonCounterfactualClassification,BAAI/bge-small-en-v1.5,Determine the classification for this example:,False
1105,0.510547,TweetSentimentClassification,BAAI/bge-small-en-v1.5,Label this tweet with its sentiment (eng):,False
1106,0.472656,TweetSentimentClassification,BAAI/bge-small-en-v1.5,Sentiment label prediction (eng):,False
1107,0.735303,STS15,BAAI/bge-small-en-v1.5,Encode for semantic matching:,False
1108,0.497656,TweetSentimentClassification,BAAI/bge-small-en-v1.5,Classify the sentiment of this tweet:,False
1109,0.12783,Touche2020Retrieval.v3,BAAI/bge-small-en-v1.5,Encode this query for argument retrieval:,False
1110,0.82731,FEVERHardNegatives,BAAI/bge-small-en-v1.5,Encode this claim for retrieval:,False
1111,0.654243,STS22.v2,BAAI/bge-small-en-v1.5,Similarity score between texts:,False
1112,0.912016,ImdbClassification,BAAI/bge-small-en-v1.5,"Classify this review (eng, Large Movie Review Dataset):",False
1113,0.720569,STS14,BAAI/bge-small-en-v1.5,Similarity score for the following texts:,False
1114,0.37962,Touche2020Retrieval.v3,BAAI/bge-small-en-v1.5,Search representation:,False
1115,0.733921,STS15,BAAI/bge-small-en-v1.5,Semantic similarity in eng (SemEval STS 2015):,False
1116,0.66797,STS22.v2,BAAI/bge-small-en-v1.5,Semantic similarity (eng) – SemEval 2022 Task 8 News:,False
1117,0.704805,AmazonCounterfactualClassification,BAAI/bge-small-en-v1.5,Label this example:,False
1119,0.36369,MedrxivClusteringP2P.v2,BAAI/bge-small-en-v1.5,Cluster the medrxiv title and abstract:,False
1120,0.668619,AmazonCounterfactualClassification,BAAI/bge-small-en-v1.5,"Predict the label for this instance, eng:",False
1122,0.45625,TweetSentimentClassification,BAAI/bge-small-en-v1.5,Assign sentiment category to the following tweet:,False
1123,0.660139,STS14,BAAI/bge-small-en-v1.5,Assess textual similarity:,False
1124,0.917264,ImdbClassification,BAAI/bge-small-en-v1.5,Assign a label to this review:,False
1125,0.539885,StackExchangeClustering.v2,BAAI/bge-small-en-v1.5,Cluster this text:,False
1126,0.579811,STS14,BAAI/bge-small-en-v1.5,Query-Document similarity:,False
1127,0.34482,MIRACLRetrievalHardNegatives.v2,BAAI/bge-small-en-v1.5,Retrieve relevant text in eng:,False
1128,0.470313,TweetSentimentClassification,BAAI/bge-small-en-v1.5,Assign a category to this input:,False
1129,0.24662,MIRACLRetrievalHardNegatives.v2,BAAI/bge-small-en-v1.5,Text to be used in retrieval:,False
1130,0.653436,STS22.v2,BAAI/bge-small-en-v1.5,Query-Document similarity:,False
1131,0.21221,Touche2020Retrieval.v3,BAAI/bge-small-en-v1.5,Retrieve arguments for controversial question:,False
1132,0.520165,StackExchangeClustering.v2,BAAI/bge-small-en-v1.5,Cluster these stackexchange titles (eng):,False
1133,0.35447,MIRACLRetrievalHardNegatives.v2,BAAI/bge-small-en-v1.5,Query for retrieval:,False
1134,0.35443,MIRACLRetrievalHardNegatives.v2,BAAI/bge-small-en-v1.5,MIRACL retrieval query:,False
1135,0.536516,StackExchangeClustering.v2,BAAI/bge-small-en-v1.5,Clustering input:,False
1136,0.424956,MasakhaNEWSClusteringS2S,BAAI/bge-small-en-v1.5,Cluster MasakhaNEWS headlines in eng:,False
1137,0.489063,TweetSentimentClassification,BAAI/bge-small-en-v1.5,Predict the label for the provided sentence:,False
1138,0.667373,STS22.v2,BAAI/bge-small-en-v1.5,News article pair similarity:,False
1139,0.550099,StackExchangeClustering.v2,BAAI/bge-small-en-v1.5,Create clusters for the given titles:,False
1140,0.360494,MedrxivClusteringP2P.v2,BAAI/bge-small-en-v1.5,Cluster representation for medrxiv titles+abstracts:,False
1141,0.193632,MasakhaNEWSClusteringS2S,BAAI/bge-small-en-v1.5,"Assign each MasakhaNEWS article title to a cluster, eng:",False
1142,0.84102,FEVERHardNegatives,BAAI/bge-small-en-v1.5,Search representation:,False
1143,0.40187,MIRACLRetrievalHardNegatives.v2,BAAI/bge-small-en-v1.5,Search representation:,False
1144,0.747024,STS15,BAAI/bge-small-en-v1.5,Encode for semantic similarity:,False
1145,0.42128,MIRACLRetrievalHardNegatives.v2,BAAI/bge-small-en-v1.5,Search passage for MIRACL in eng:,False
1146,0.41043,MIRACLRetrievalHardNegatives.v2,BAAI/bge-small-en-v1.5,Retrieve relevant passage:,False
1147,0.90014,ImdbClassification,BAAI/bge-small-en-v1.5,Category prediction for the following eng review (Large Movie Review Dataset):,False
1148,0.905376,ImdbClassification,BAAI/bge-small-en-v1.5,Label this example:,False
1149,0.81259,FEVERHardNegatives,BAAI/bge-small-en-v1.5,Retrieve relevant documents (eng):,False
1150,0.66854,STS22.v2,BAAI/bge-small-en-v1.5,Evaluate semantic similarity (eng) on filtered SemEval 2022 Task 8 data:,False
1151,0.09665,Touche2020Retrieval.v3,BAAI/bge-small-en-v1.5,Passage (eng) for argument retrieval:,False
1152,0.492969,TweetSentimentClassification,BAAI/bge-small-en-v1.5,Classify the following tweet in eng:,False
1153,0.463281,TweetSentimentClassification,BAAI/bge-small-en-v1.5,"Assign a sentiment category to this text, eng:",False
1154,0.465234,TweetSentimentClassification,BAAI/bge-small-en-v1.5,eng sentiment analysis – classify:,False
1155,0.909668,ImdbClassification,BAAI/bge-small-en-v1.5,Label this movie review in eng (dataset: Large Movie Review Dataset):,False
1156,0.911552,ImdbClassification,BAAI/bge-small-en-v1.5,Classify the movie review:,False
1157,0.545175,StackExchangeClustering.v2,BAAI/bge-small-en-v1.5,Group similar titles in eng:,False
1158,0.523289,StackExchangeClustering.v2,BAAI/bge-small-en-v1.5,Cluster these StackExchange titles:,False
1159,0.655037,STS14,BAAI/bge-small-en-v1.5,Semantic similarity query:,False
1160,0.27827,Touche2020Retrieval.v3,BAAI/bge-small-en-v1.5,Retrieve (eng) relevant argument for Touché Task 1:,False
1161,0.362448,MedrxivClusteringP2P.v2,BAAI/bge-small-en-v1.5,Group similar texts:,False
1162,0.363173,MedrxivClusteringP2P.v2,BAAI/bge-small-en-v1.5,Assign this medrxiv entry to a cluster:,False
1163,0.366333,MedrxivClusteringP2P.v2,BAAI/bge-small-en-v1.5,Clustering input (eng):,False
1164,0.291892,MasakhaNEWSClusteringS2S,BAAI/bge-small-en-v1.5,Group similar texts:,False
1165,0.751691,STS15,BAAI/bge-small-en-v1.5,Query-Document similarity:,False
1166,0.35871,MedrxivClusteringP2P.v2,BAAI/bge-small-en-v1.5,Group similar medrxiv texts into one of 51 categories:,False
1167,0.78843,FEVERHardNegatives,BAAI/bge-small-en-v1.5,Query for retrieval:,False
1168,0.562032,STS14,BAAI/bge-small-en-v1.5,Text pair similarity assessment:,False
1169,0.53682,StackExchangeClustering.v2,BAAI/bge-small-en-v1.5,Cluster representation for titles:,False
1170,0.361334,MedrxivClusteringP2P.v2,BAAI/bge-small-en-v1.5,Embedding for clustering of medrxiv abstracts:,False
1171,0.257076,MasakhaNEWSClusteringS2S,BAAI/bge-small-en-v1.5,Assign each news article title to a cluster:,False
1172,0.667908,STS14,BAAI/bge-small-en-v1.5,"Semantic similarity (eng, SemEval STS 2014):",False
1173,0.754532,STS15,BAAI/bge-small-en-v1.5,SemEval STS 2015 - Semantic similarity:,False
1174,0.754204,STS15,BAAI/bge-small-en-v1.5,Similarity score between texts:,False
1175,0.13923,MIRACLRetrievalHardNegatives.v2,BAAI/bge-small-en-v1.5,Encode for retrieval in eng:,False
1176,0.718075,STS15,BAAI/bge-small-en-v1.5,Text pair similarity assessment:,False
1177,0.81337,FEVERHardNegatives,BAAI/bge-small-en-v1.5,Retrieve relevant passage:,False
1178,0.785926,STS14,BAAI/bge-small-en-v1.5,STS 2014: compare the two sentences:,False
1179,0.661669,STS22.v2,BAAI/bge-small-en-v1.5,Encode for semantic matching:,False
1180,0.644294,AmazonCounterfactualClassification,BAAI/bge-small-en-v1.5,Text classification (eng) – Amazon reviews:,False
1182,0.906296,ImdbClassification,BAAI/bge-small-en-v1.5,Classify the following text:,False
1183,0.779454,STS15,BAAI/bge-small-en-v1.5,Similarity between sentences in eng (SemEval STS 2015):,False
1184,0.359594,MedrxivClusteringP2P.v2,BAAI/bge-small-en-v1.5,Cluster representation:,False
1185,0.629617,STS14,BAAI/bge-small-en-v1.5,Similarity score between texts:,False
1186,0.894644,ImdbClassification,BAAI/bge-small-en-v1.5,Assign a label to the text in eng – Large Movie Review Dataset:,False
1187,0.29128,Touche2020Retrieval.v3,BAAI/bge-small-en-v1.5,Query (eng) for retrieval:,False
1188,0.195762,MasakhaNEWSClusteringS2S,BAAI/bge-small-en-v1.5,Cluster representation for news headlines:,False
1189,0.675976,AmazonCounterfactualClassification,BAAI/bge-small-en-v1.5,Predict the label for the provided sentence:,False
1191,0.662445,STS22.v2,BAAI/bge-small-en-v1.5,Compute similarity in eng for SemEval 2022 Task 8 pairs:,False
1192,0.362714,MedrxivClusteringP2P.v2,BAAI/bge-small-en-v1.5,Clustering input:,False
1193,0.695045,AmazonCounterfactualClassification,BAAI/bge-small-en-v1.5,Classify the following text:,False
1195,0.533897,StackExchangeClustering.v2,BAAI/bge-small-en-v1.5,Clustering input (eng):,False
1196,0.27742,Touche2020Retrieval.v3,BAAI/bge-small-en-v1.5,Search (eng) query for retrieval task:,False
1197,0.480859,TweetSentimentClassification,BAAI/bge-small-en-v1.5,Predict sentiment for the tweet:,False
1198,0.551065,StackExchangeClustering.v2,BAAI/bge-small-en-v1.5,Group similar texts:,False
1199,0.526945,StackExchangeClustering.v2,BAAI/bge-small-en-v1.5,"Assign each title to a cluster, language eng:",False
1200,0.79488,FEVERHardNegatives,BAAI/bge-small-en-v1.5,Query (eng) for retrieval:,False
1201,0.913884,ImdbClassification,BAAI/bge-small-en-v1.5,Label this movie review:,False
1202,0.683033,AmazonCounterfactualClassification,BAAI/bge-small-en-v1.5,Determine the class for the given passage:,False
1204,0.82307,STS15,BAAI/bge-small-en-v1.5,Query similarity:,False
1205,0.74367,FEVERHardNegatives,BAAI/bge-small-en-v1.5,Text to be used in retrieval:,False
1206,0.753139,STS15,BAAI/bge-small-en-v1.5,Measure semantic similarity:,False
1207,0.657982,STS22.v2,BAAI/bge-small-en-v1.5,eng: measure semantic similarity of news article pair (SemEval 2022 Task 8):,False
1208,0.680631,AmazonCounterfactualClassification,BAAI/bge-small-en-v1.5,Predict the class:,False
1210,0.72587,FEVERHardNegatives,BAAI/bge-small-en-v1.5,Passage retrieval input:,False
1211,0.360862,MedrxivClusteringP2P.v2,BAAI/bge-small-en-v1.5,Assign to a cluster:,False
1212,0.30552,MIRACLRetrievalHardNegatives.v2,BAAI/bge-small-en-v1.5,Encode this MIRACL query for retrieval:,False
1213,0.91438,ImdbClassification,BAAI/bge-small-en-v1.5,Predict the class for the following review:,False
1214,0.8019,FEVERHardNegatives,BAAI/bge-small-en-v1.5,Encode this FEVER claim in eng for retrieval:,False
1215,0.191292,MasakhaNEWSClusteringS2S,BAAI/bge-small-en-v1.5,Group similar news headlines (MasakhaNEWS) in eng:,False
1216,0.29507,MIRACLRetrievalHardNegatives.v2,BAAI/bge-small-en-v1.5,Query for retrieval in eng:,False
1217,0.36291,MIRACLRetrievalHardNegatives.v2,BAAI/bge-small-en-v1.5,Retrieve relevant documents for the following query:,False
1218,0.30784,Touche2020Retrieval.v3,BAAI/bge-small-en-v1.5,Encode this input for retrieval:,False
1219,0.72484,FEVERHardNegatives,BAAI/bge-small-en-v1.5,Retrieve relevant documents for the given claim:,False
1220,0.533984,TweetSentimentClassification,Qwen/Qwen3-Embedding-4B,Label this example:,False
1221,0.631503,MasakhaNEWSClusteringS2S,Qwen/Qwen3-Embedding-4B,Assign to a cluster:,False
1222,0.954354,AmazonCounterfactualClassification,Qwen/Qwen3-Embedding-4B,Assign a counterfactual detection label:,False
1224,0.624637,MasakhaNEWSClusteringS2S,Qwen/Qwen3-Embedding-4B,MasakhaNEWS headline clustering input:,False
1225,0.646847,AmazonCounterfactualClassification,Qwen/Qwen3-Embedding-4B,Classify this Amazon review pair (eng):,False
1227,0.603066,MasakhaNEWSClusteringS2S,Qwen/Qwen3-Embedding-4B,"Cluster representation for MasakhaNEWS headlines, language eng:",False
1228,0.615465,AmazonCounterfactualClassification,Qwen/Qwen3-Embedding-4B,"Assign a category to the given review pair, language eng:",False
1230,0.931192,ImdbClassification,Qwen/Qwen3-Embedding-4B,Determine the class for the given passage:,False
1231,0.950016,ImdbClassification,Qwen/Qwen3-Embedding-4B,Category prediction for the review:,False
1232,0.726348,MasakhaNEWSClusteringS2S,Qwen/Qwen3-Embedding-4B,Group similar MasakhaNEWS headlines:,False
1233,0.437921,MedrxivClusteringP2P.v2,Qwen/Qwen3-Embedding-4B,Assign to a cluster (eng):,False
1234,0.9625,ImdbClassification,Qwen/Qwen3-Embedding-4B,Predict the label for the provided sentence:,False
1235,0.57496,MIRACLRetrievalHardNegatives.v2,Qwen/Qwen3-Embedding-4B,Encode this input for retrieval:,False
1236,0.670305,STS22.v2,Qwen/Qwen3-Embedding-4B,Text pair similarity assessment:,False
1237,0.663964,AmazonCounterfactualClassification,Qwen/Qwen3-Embedding-4B,Label the following Amazon review:,False
1239,0.956124,ImdbClassification,Qwen/Qwen3-Embedding-4B,Encode and classify the following eng snippet from Large Movie Review Dataset:,False
1240,0.641592,AmazonCounterfactualClassification,Qwen/Qwen3-Embedding-4B,Assign a category to this input:,False
1242,0.73285,Touche2020Retrieval.v3,Qwen/Qwen3-Embedding-4B,Query for retrieval:,False
1243,0.924315,STS15,Qwen/Qwen3-Embedding-4B,Assess semantic similarity in eng:,False
1244,0.68525,STS22.v2,Qwen/Qwen3-Embedding-4B,Compare similarity between two news texts:,False
1245,0.619493,MasakhaNEWSClusteringS2S,Qwen/Qwen3-Embedding-4B,Cluster these MasakhaNEWS headlines:,False
1246,0.594402,MasakhaNEWSClusteringS2S,Qwen/Qwen3-Embedding-4B,Clustering input:,False
1247,0.412049,MedrxivClusteringP2P.v2,Qwen/Qwen3-Embedding-4B,Group similar texts (eng):,False
1248,0.926661,STS15,Qwen/Qwen3-Embedding-4B,Similarity score:,False
1249,0.603622,MasakhaNEWSClusteringS2S,Qwen/Qwen3-Embedding-4B,Cluster this text:,False
1250,0.411031,MedrxivClusteringP2P.v2,Qwen/Qwen3-Embedding-4B,Encode for clustering (eng):,False
1251,0.713672,TweetSentimentClassification,Qwen/Qwen3-Embedding-4B,Label the tweet's sentiment:,False
1252,0.863755,STS14,Qwen/Qwen3-Embedding-4B,Encode for similarity in eng - SemEval STS 2014:,False
1253,0.670276,MasakhaNEWSClusteringS2S,Qwen/Qwen3-Embedding-4B,Cluster representation:,False
1254,0.903936,ImdbClassification,Qwen/Qwen3-Embedding-4B,Assign a category to this input:,False
1255,0.702942,StackExchangeClustering.v2,Qwen/Qwen3-Embedding-4B,Assign to a cluster:,False
1256,0.429787,MedrxivClusteringP2P.v2,Qwen/Qwen3-Embedding-4B,Cluster this text:,False
1257,0.702434,STS22.v2,Qwen/Qwen3-Embedding-4B,Semantic similarity of multilingual articles:,False
1258,0.7268,StackExchangeClustering.v2,Qwen/Qwen3-Embedding-4B,Assign each title to a cluster:,False
1259,0.852477,STS14,Qwen/Qwen3-Embedding-4B,Encode this pair for similarity measurement:,False
1260,0.696875,TweetSentimentClassification,Qwen/Qwen3-Embedding-4B,Sentiment analysis label:,False
1261,0.73101,MasakhaNEWSClusteringS2S,Qwen/Qwen3-Embedding-4B,Eng: perform clustering on MasakhaNEWS news headlines:,False
1262,0.687895,STS22.v2,Qwen/Qwen3-Embedding-4B,Similarity score for article pair:,False
1263,0.432324,MedrxivClusteringP2P.v2,Qwen/Qwen3-Embedding-4B,Cluster these medrxiv titles+abstracts (eng):,False
1264,0.477344,TweetSentimentClassification,Qwen/Qwen3-Embedding-4B,Determine the class for the given passage:,False
1265,0.809141,STS14,Qwen/Qwen3-Embedding-4B,"Assess semantic similarity, language eng, dataset SemEval STS 2014:",False
1266,0.837227,STS14,Qwen/Qwen3-Embedding-4B,"Compute text pair similarity (eng, SemEval STS 2014):",False
1267,0.718174,StackExchangeClustering.v2,Qwen/Qwen3-Embedding-4B,Group the titles into clusters:,False
1268,0.683132,StackExchangeClustering.v2,Qwen/Qwen3-Embedding-4B,Cluster representation:,False
1269,0.924364,STS15,Qwen/Qwen3-Embedding-4B,Encode pair for semantic-similarity in eng:,False
1270,0.5125,TweetSentimentClassification,Qwen/Qwen3-Embedding-4B,Classify the following text:,False
1271,0.906197,STS15,Qwen/Qwen3-Embedding-4B,"Measure text similarity in eng, SemEval STS 2015:",False
1272,0.847369,STS14,Qwen/Qwen3-Embedding-4B,"Similarity score request, eng, SemEval STS 2014:",False
1273,0.679767,STS22.v2,Qwen/Qwen3-Embedding-4B,"In eng, assess similarity of news article pair – SemEval 2022 Task 8:",False
1274,0.644128,StackExchangeClustering.v2,Qwen/Qwen3-Embedding-4B,"Encode for clustering, language eng:",False
1275,0.68751,STS22.v2,Qwen/Qwen3-Embedding-4B,Measure semantic similarity:,False
1276,0.864179,STS14,Qwen/Qwen3-Embedding-4B,Encode for semantic matching:,False
1277,0.673423,AmazonCounterfactualClassification,Qwen/Qwen3-Embedding-4B,Classify this review pair:,False
1279,0.851878,STS14,Qwen/Qwen3-Embedding-4B,Measure semantic similarity:,False
1280,0.948198,AmazonCounterfactualClassification,Qwen/Qwen3-Embedding-4B,Label the following counterfactual detection example in eng:,False
1282,0.704805,AmazonCounterfactualClassification,Qwen/Qwen3-Embedding-4B,Determine the classification for this example:,False
1284,0.716797,TweetSentimentClassification,Qwen/Qwen3-Embedding-4B,Label this tweet with its sentiment (eng):,False
1285,0.687891,TweetSentimentClassification,Qwen/Qwen3-Embedding-4B,Sentiment label prediction (eng):,False
1286,0.921587,STS15,Qwen/Qwen3-Embedding-4B,Encode for semantic matching:,False
1287,0.733594,TweetSentimentClassification,Qwen/Qwen3-Embedding-4B,Classify the sentiment of this tweet:,False
1288,0.685305,STS22.v2,Qwen/Qwen3-Embedding-4B,Similarity score between texts:,False
1289,0.960816,ImdbClassification,Qwen/Qwen3-Embedding-4B,"Classify this review (eng, Large Movie Review Dataset):",False
1290,0.869896,STS14,Qwen/Qwen3-Embedding-4B,Similarity score for the following texts:,False
1291,0.919985,STS15,Qwen/Qwen3-Embedding-4B,Semantic similarity in eng (SemEval STS 2015):,False
1292,0.715778,STS22.v2,Qwen/Qwen3-Embedding-4B,Semantic similarity (eng) – SemEval 2022 Task 8 News:,False
1293,0.776426,AmazonCounterfactualClassification,Qwen/Qwen3-Embedding-4B,Label this example:,False
1295,0.426594,MedrxivClusteringP2P.v2,Qwen/Qwen3-Embedding-4B,Cluster the medrxiv title and abstract:,False
1296,0.651351,AmazonCounterfactualClassification,Qwen/Qwen3-Embedding-4B,"Predict the label for this instance, eng:",False
1298,0.721094,TweetSentimentClassification,Qwen/Qwen3-Embedding-4B,Assign sentiment category to the following tweet:,False
1299,0.852577,STS14,Qwen/Qwen3-Embedding-4B,Assess textual similarity:,False
1300,0.96802,ImdbClassification,Qwen/Qwen3-Embedding-4B,Assign a label to this review:,False
1301,0.641354,StackExchangeClustering.v2,Qwen/Qwen3-Embedding-4B,Cluster this text:,False
1302,0.828563,STS14,Qwen/Qwen3-Embedding-4B,Query-Document similarity:,False
1303,0.490234,TweetSentimentClassification,Qwen/Qwen3-Embedding-4B,Assign a category to this input:,False
1304,0.58527,MIRACLRetrievalHardNegatives.v2,Qwen/Qwen3-Embedding-4B,Text to be used in retrieval:,False
1305,0.692045,STS22.v2,Qwen/Qwen3-Embedding-4B,Query-Document similarity:,False
1306,0.769771,StackExchangeClustering.v2,Qwen/Qwen3-Embedding-4B,Cluster these stackexchange titles (eng):,False
1307,0.58429,MIRACLRetrievalHardNegatives.v2,Qwen/Qwen3-Embedding-4B,Query for retrieval:,False
1308,0.669413,StackExchangeClustering.v2,Qwen/Qwen3-Embedding-4B,Clustering input:,False
1309,0.605435,MasakhaNEWSClusteringS2S,Qwen/Qwen3-Embedding-4B,Cluster MasakhaNEWS headlines in eng:,False
1310,0.520312,TweetSentimentClassification,Qwen/Qwen3-Embedding-4B,Predict the label for the provided sentence:,False
1311,0.693064,STS22.v2,Qwen/Qwen3-Embedding-4B,News article pair similarity:,False
1312,0.718979,StackExchangeClustering.v2,Qwen/Qwen3-Embedding-4B,Create clusters for the given titles:,False
1313,0.430751,MedrxivClusteringP2P.v2,Qwen/Qwen3-Embedding-4B,Cluster representation for medrxiv titles+abstracts:,False
1314,0.650587,MasakhaNEWSClusteringS2S,Qwen/Qwen3-Embedding-4B,"Assign each MasakhaNEWS article title to a cluster, eng:",False
1315,0.59334,MIRACLRetrievalHardNegatives.v2,Qwen/Qwen3-Embedding-4B,Search representation:,False
1316,0.92826,STS15,Qwen/Qwen3-Embedding-4B,Encode for semantic similarity:,False
1317,0.59397,MIRACLRetrievalHardNegatives.v2,Qwen/Qwen3-Embedding-4B,Retrieve relevant passage:,False
1318,0.959728,ImdbClassification,Qwen/Qwen3-Embedding-4B,Category prediction for the following eng review (Large Movie Review Dataset):,False
1319,0.948892,ImdbClassification,Qwen/Qwen3-Embedding-4B,Label this example:,False
1320,0.677057,STS22.v2,Qwen/Qwen3-Embedding-4B,Evaluate semantic similarity (eng) on filtered SemEval 2022 Task 8 data:,False
1321,0.559766,TweetSentimentClassification,Qwen/Qwen3-Embedding-4B,Classify the following tweet in eng:,False
1322,0.696484,TweetSentimentClassification,Qwen/Qwen3-Embedding-4B,"Assign a sentiment category to this text, eng:",False
1323,0.692578,TweetSentimentClassification,Qwen/Qwen3-Embedding-4B,eng sentiment analysis – classify:,False
1324,0.969428,ImdbClassification,Qwen/Qwen3-Embedding-4B,Label this movie review in eng (dataset: Large Movie Review Dataset):,False
1325,0.969928,ImdbClassification,Qwen/Qwen3-Embedding-4B,Classify the movie review:,False
1326,0.603815,StackExchangeClustering.v2,Qwen/Qwen3-Embedding-4B,Group similar titles in eng:,False
1327,0.767506,StackExchangeClustering.v2,Qwen/Qwen3-Embedding-4B,Cluster these StackExchange titles:,False
1328,0.878903,STS14,Qwen/Qwen3-Embedding-4B,Semantic similarity query:,False
1329,0.397072,MedrxivClusteringP2P.v2,Qwen/Qwen3-Embedding-4B,Group similar texts:,False
1330,0.411437,MedrxivClusteringP2P.v2,Qwen/Qwen3-Embedding-4B,Assign this medrxiv entry to a cluster:,False
1331,0.428222,MedrxivClusteringP2P.v2,Qwen/Qwen3-Embedding-4B,Clustering input (eng):,False
1332,0.575791,MasakhaNEWSClusteringS2S,Qwen/Qwen3-Embedding-4B,Group similar texts:,False
1333,0.900549,STS15,Qwen/Qwen3-Embedding-4B,Query-Document similarity:,False
1334,0.430078,MedrxivClusteringP2P.v2,Qwen/Qwen3-Embedding-4B,Group similar medrxiv texts into one of 51 categories:,False
1335,0.848784,STS14,Qwen/Qwen3-Embedding-4B,Text pair similarity assessment:,False
1336,0.721712,StackExchangeClustering.v2,Qwen/Qwen3-Embedding-4B,Cluster representation for titles:,False
1337,0.402855,MedrxivClusteringP2P.v2,Qwen/Qwen3-Embedding-4B,Embedding for clustering of medrxiv abstracts:,False
1338,0.67359,MasakhaNEWSClusteringS2S,Qwen/Qwen3-Embedding-4B,Assign each news article title to a cluster:,False
1339,0.861498,STS14,Qwen/Qwen3-Embedding-4B,"Semantic similarity (eng, SemEval STS 2014):",False
1340,0.899499,STS15,Qwen/Qwen3-Embedding-4B,SemEval STS 2015 - Semantic similarity:,False
1341,0.925509,STS15,Qwen/Qwen3-Embedding-4B,Similarity score between texts:,False
1342,0.919609,STS15,Qwen/Qwen3-Embedding-4B,Text pair similarity assessment:,False
1343,0.863314,STS14,Qwen/Qwen3-Embedding-4B,STS 2014: compare the two sentences:,False
1344,0.726776,STS22.v2,Qwen/Qwen3-Embedding-4B,Encode for semantic matching:,False
1345,0.628378,AmazonCounterfactualClassification,Qwen/Qwen3-Embedding-4B,Text classification (eng) – Amazon reviews:,False
1347,0.933696,ImdbClassification,Qwen/Qwen3-Embedding-4B,Classify the following text:,False
1348,0.925693,STS15,Qwen/Qwen3-Embedding-4B,Similarity between sentences in eng (SemEval STS 2015):,False
1349,0.418674,MedrxivClusteringP2P.v2,Qwen/Qwen3-Embedding-4B,Cluster representation:,False
1350,0.870007,STS14,Qwen/Qwen3-Embedding-4B,Similarity score between texts:,False
1351,0.96868,ImdbClassification,Qwen/Qwen3-Embedding-4B,Assign a label to the text in eng – Large Movie Review Dataset:,False
1352,0.650817,MasakhaNEWSClusteringS2S,Qwen/Qwen3-Embedding-4B,Cluster representation for news headlines:,False
1353,0.66036,AmazonCounterfactualClassification,Qwen/Qwen3-Embedding-4B,Predict the label for the provided sentence:,False
1355,0.671413,STS22.v2,Qwen/Qwen3-Embedding-4B,Compute similarity in eng for SemEval 2022 Task 8 pairs:,False
1356,0.414979,MedrxivClusteringP2P.v2,Qwen/Qwen3-Embedding-4B,Clustering input:,False
1357,0.673574,AmazonCounterfactualClassification,Qwen/Qwen3-Embedding-4B,Classify the following text:,False
1359,0.673324,StackExchangeClustering.v2,Qwen/Qwen3-Embedding-4B,Clustering input (eng):,False
1360,0.730859,TweetSentimentClassification,Qwen/Qwen3-Embedding-4B,Predict sentiment for the tweet:,False
1361,0.561747,StackExchangeClustering.v2,Qwen/Qwen3-Embedding-4B,Group similar texts:,False
1362,0.73863,StackExchangeClustering.v2,Qwen/Qwen3-Embedding-4B,"Assign each title to a cluster, language eng:",False
1363,0.969528,ImdbClassification,Qwen/Qwen3-Embedding-4B,Label this movie review:,False
1364,0.632883,AmazonCounterfactualClassification,Qwen/Qwen3-Embedding-4B,Determine the class for the given passage:,False
1366,0.92805,STS15,Qwen/Qwen3-Embedding-4B,Query similarity:,False
1367,0.918476,STS15,Qwen/Qwen3-Embedding-4B,Measure semantic similarity:,False
1368,0.694144,STS22.v2,Qwen/Qwen3-Embedding-4B,eng: measure semantic similarity of news article pair (SemEval 2022 Task 8):,False
1369,0.631532,AmazonCounterfactualClassification,Qwen/Qwen3-Embedding-4B,Predict the class:,False
1371,0.418375,MedrxivClusteringP2P.v2,Qwen/Qwen3-Embedding-4B,Assign to a cluster:,False
1372,0.966496,ImdbClassification,Qwen/Qwen3-Embedding-4B,Predict the class for the following review:,False
1373,0.758777,MasakhaNEWSClusteringS2S,Qwen/Qwen3-Embedding-4B,Group similar news headlines (MasakhaNEWS) in eng:,False
